count_eventos,recencia,duracao,frequencia
8287,15,81,3
5793,7,76,13
4296,68,10,10
3668,0,93,36
3403,41,43,12
2885,56,21,11
2843,36,60,16
2257,40,28,18
2177,0,78,40
2093,69,1,2
2030,68,13,14
1986,64,32,20
1953,28,69,16
1943,57,18,11
1911,41,55,21
1842,36,60,25
1839,23,56,25
1711,34,59,16
1630,0,90,33
1606,0,90,26
1601,47,22,15
1590,32,67,43
1567,0,77,13
1558,29,56,11
1533,14,55,11
1526,41,38,15
1507,27,16,7
1480,78,21,14
1462,0,89,56
1455,68,16,9
1447,12,64,10
1429,31,0,2
1413,9,74,14
1355,8,84,12
1327,40,59,4
1324,40,51,12
1297,43,55,36
1272,72,12,7
1272,31,42,5
1255,49,43,29
1239,9,91,42
1215,16,68,24
1210,26,71,26
1179,19,55,10
1169,22,1,3
1133,14,82,9
1118,35,36,20
1117,1,97,41
1108,27,56,14
1107,14,71,15
1094,2,91,32
1072,54,44,20
1069,2,95,34
1048,20,69,25
1022,56,13,10
1020,1,88,33
1008,55,23,10
1006,8,82,29
1003,19,66,37
998,15,62,10
990,1,91,57
980,20,56,24
963,34,37,10
962,14,70,33
962,33,64,47
957,69,20,7
947,57,14,7
944,6,91,55
932,16,66,33
920,58,16,5
917,36,49,23
914,13,50,12
912,0,84,36
911,35,63,6
909,29,67,30
907,0,83,31
907,0,93,36
903,37,35,11
899,33,58,23
880,8,92,63
876,14,71,15
876,12,73,21
865,22,40,11
849,65,14,10
843,1,77,15
842,1,95,35
826,68,11,4
822,37,39,15
820,76,7,6
819,1,96,6
818,72,19,13
817,62,24,15
813,2,67,19
810,1,84,38
799,30,35,11
797,26,59,24
793,5,40,8
791,2,48,19
790,0,83,17
787,0,77,48
780,14,71,9
770,0,43,24
763,2,81,21
763,2,89,15
759,43,55,29
754,28,35,18
754,72,9,6
753,12,72,34
752,32,50,10
750,15,77,15
749,46,18,13
749,0,77,14
747,44,46,14
739,43,27,7
729,0,84,44
726,56,42,18
714,55,15,6
709,11,54,6
708,19,49,23
707,6,65,28
706,28,50,22
705,0,72,11
694,21,57,13
691,1,74,40
690,68,2,3
688,43,29,8
687,36,64,14
686,6,73,24
674,1,71,30
672,8,73,10
659,0,68,22
658,14,84,18
653,28,43,20
643,68,0,2
638,56,23,12
638,49,6,4
636,0,65,32
629,20,67,5
629,1,94,2
626,57,39,7
623,9,60,15
620,61,6,5
618,63,1,4
616,5,93,43
616,68,29,19
613,5,74,35
606,5,59,6
605,63,6,5
605,61,3,3
604,0,76,27
604,29,61,8
601,14,14,4
600,6,83,35
599,20,78,15
595,5,85,45
595,28,58,17
591,51,14,9
590,51,10,4
589,61,13,4
586,0,93,47
586,6,87,11
586,76,5,3
573,58,39,22
568,58,42,14
566,13,41,8
563,29,41,11
563,63,1,2
562,61,1,2
560,63,37,12
557,0,97,61
557,2,84,17
556,2,69,38
555,35,63,16
552,57,28,14
552,12,62,19
550,61,2,2
548,40,27,15
547,9,35,7
543,28,56,18
541,2,97,31
540,47,13,4
538,60,2,1
536,0,85,44
535,76,9,8
533,57,4,3
526,37,55,17
525,5,64,33
524,0,71,11
522,44,34,5
522,37,47,11
521,0,91,13
519,58,33,9
512,1,68,45
510,6,59,11
508,0,93,25
506,1,40,8
505,56,19,10
503,2,80,16
498,3,81,22
498,0,69,46
497,20,8,3
497,9,60,10
497,68,17,9
494,5,58,19
494,0,64,12
493,1,81,9
489,1,79,14
489,49,49,16
488,1,21,8
488,64,3,2
487,7,91,52
486,1,76,10
485,51,11,2
485,52,0,2
484,64,10,7
483,72,7,4
483,9,87,14
482,0,78,10
482,1,76,16
480,11,62,7
475,9,83,16
471,28,55,12
471,61,0,1
471,22,75,12
470,16,68,25
469,16,73,17
469,15,82,10
468,0,18,4
467,50,18,2
467,22,42,19
466,63,8,3
466,36,41,15
464,51,12,9
463,49,38,3
462,12,61,7
461,78,5,3
461,16,81,21
460,0,97,9
456,30,34,9
455,42,57,5
455,77,23,16
451,40,26,3
449,13,58,9
443,23,70,7
442,69,2,3
439,7,64,7
439,13,78,18
437,0,99,55
437,37,51,9
437,23,34,17
436,47,17,7
435,42,47,11
434,0,83,15
433,0,78,10
431,63,6,5
430,2,82,19
428,41,41,6
426,29,57,10
424,6,93,15
424,0,64,23
422,58,20,12
421,22,50,8
420,0,96,25
419,51,12,4
418,49,5,4
416,0,78,13
416,35,26,7
409,30,13,7
408,1,18,5
408,16,3,3
406,0,71,45
405,68,1,2
405,2,95,4
403,50,34,14
403,28,71,16
399,16,34,10
399,30,44,6
397,48,15,8
396,0,94,41
396,60,8,3
392,12,59,21
392,5,75,9
392,55,9,3
390,0,100,49
390,41,28,17
388,78,0,1
386,5,25,8
386,63,36,5
385,58,2,3
384,36,56,4
383,2,98,26
382,30,34,20
382,17,81,6
381,58,33,6
380,27,55,11
380,5,25,7
379,45,19,5
377,30,48,9
377,2,26,5
376,9,53,7
375,20,48,6
375,0,89,33
374,0,78,7
373,13,55,15
371,1,99,31
371,40,18,11
371,2,32,5
369,23,68,17
368,63,2,3
368,14,6,4
367,75,17,7
367,0,64,31
365,45,22,5
365,16,70,20
365,9,82,22
362,48,41,20
361,40,49,9
360,26,59,26
360,2,49,16
360,20,55,17
359,0,71,24
358,5,56,6
357,12,78,17
357,54,11,5
356,50,42,6
353,14,56,7
352,61,6,4
350,0,69,10
349,57,8,4
348,21,42,6
348,19,72,29
347,9,41,25
346,83,2,2
346,0,75,23
344,2,61,17
343,2,84,44
343,14,77,16
342,8,92,25
341,0,71,16
340,55,0,1
338,0,69,28
338,7,90,37
338,0,69,20
338,26,42,17
336,1,75,14
335,0,90,28
335,20,50,8
334,2,75,11
333,12,65,25
332,0,19,12
332,30,44,10
330,21,77,3
330,30,45,9
330,28,54,9
329,16,76,15
328,9,54,9
327,55,8,4
325,43,21,9
325,2,98,41
324,62,7,7
324,49,18,4
324,35,55,12
324,61,2,2
323,1,82,13
322,5,21,6
321,77,10,6
321,6,79,8
319,49,14,6
319,0,86,12
316,65,0,1
316,14,49,12
316,0,78,15
315,9,37,11
315,0,89,32
315,63,0,1
314,20,0,1
314,23,75,3
313,36,43,6
313,58,28,2
312,43,26,5
311,4,72,16
311,1,98,16
311,35,44,11
311,64,0,1
311,37,3,2
310,51,32,15
309,64,0,1
308,28,54,40
308,1,11,4
306,41,30,5
306,14,79,7
306,8,82,12
305,56,7,6
305,13,84,28
305,27,55,8
303,67,6,7
303,0,85,18
302,22,48,11
299,56,12,5
298,63,22,3
298,52,2,2
297,57,6,4
296,76,5,4
293,58,7,3
293,6,66,7
292,2,99,41
291,70,8,3
289,34,14,5
289,36,54,18
289,69,3,4
289,22,41,21
288,1,81,25
288,33,62,5
288,0,79,30
286,22,55,26
285,63,30,3
285,8,63,25
284,6,64,10
284,65,6,2
284,23,18,12
283,2,48,14
283,56,9,2
283,12,21,11
280,57,7,5
280,6,57,12
279,0,63,23
279,82,1,2
278,6,6,4
278,5,25,7
278,83,0,1
277,79,0,1
277,70,2,3
277,0,86,18
276,0,81,40
276,16,66,9
275,41,31,4
275,69,30,5
273,14,83,25
273,40,25,10
273,41,28,10
272,6,48,26
272,7,46,6
270,9,81,2
270,78,0,1
267,25,63,10
267,6,78,28
266,41,55,8
266,6,77,20
265,34,45,6
265,29,57,14
265,68,11,9
265,61,23,7
263,14,71,7
263,6,73,12
262,40,8,6
262,2,73,24
261,24,5,5
261,12,35,3
261,33,63,20
261,26,19,4
260,6,72,13
260,45,56,12
260,15,53,4
259,32,19,3
258,14,15,7
258,7,87,3
258,39,11,10
256,69,2,2
256,51,36,13
254,16,48,5
253,1,96,22
253,9,67,6
253,2,77,9
252,65,6,2
251,21,5,4
251,26,0,1
250,78,18,5
250,58,3,3
250,16,55,4
250,48,45,5
250,5,53,6
250,8,60,14
249,7,77,7
247,14,70,33
247,38,34,10
247,48,42,10
246,16,53,10
246,0,26,4
244,44,17,4
244,18,53,7
244,12,9,3
244,14,71,9
243,1,8,5
242,8,25,5
242,28,22,5
240,27,64,8
239,59,39,8
239,14,58,4
239,14,85,11
239,72,13,8
239,33,21,6
239,23,25,3
239,22,1,2
238,12,85,17
237,15,68,9
237,79,10,2
237,40,29,10
237,55,29,12
237,9,69,6
235,36,15,7
235,30,70,17
235,1,90,26
235,35,0,1
234,49,27,10
230,3,39,11
230,0,61,29
230,20,1,3
229,0,93,31
229,19,50,10
229,43,55,9
228,29,63,3
228,2,35,7
228,9,84,40
227,1,33,14
226,48,1,2
226,65,21,3
225,7,43,26
225,51,14,4
224,26,0,1
224,20,57,21
224,55,9,4
223,7,4,3
223,35,14,5
223,8,66,11
222,1,64,5
221,6,82,15
220,48,52,12
220,55,0,2
219,76,21,9
219,65,11,5
219,34,24,3
218,56,13,6
216,35,0,1
216,6,91,25
216,13,74,5
215,6,91,25
215,6,57,11
215,22,25,6
215,10,17,4
214,0,81,27
214,26,38,14
213,55,44,3
213,76,8,4
213,16,66,13
213,48,48,8
213,50,0,1
212,7,76,13
212,28,8,7
212,19,2,3
211,11,0,1
211,1,63,14
211,6,49,16
210,19,74,22
210,0,85,5
209,16,65,5
209,58,24,8
208,83,7,5
208,34,14,5
208,48,1,2
208,5,78,24
207,35,15,7
207,41,8,6
207,30,28,13
207,8,84,27
205,55,16,7
205,40,36,5
205,5,1,2
204,43,54,16
204,72,9,3
204,5,93,22
203,43,6,2
203,5,78,25
203,2,17,4
203,21,13,3
202,42,2,3
202,18,78,19
202,5,71,17
202,40,23,4
201,0,69,9
201,35,34,13
201,6,87,13
201,5,94,24
200,62,6,6
200,34,37,4
200,6,81,25
199,77,1,2
199,49,12,5
199,70,0,2
199,3,81,3
199,49,5,5
199,0,83,23
199,29,5,4
199,36,33,6
198,0,71,18
198,63,7,5
197,72,27,2
197,72,25,9
197,2,89,21
197,70,26,4
197,55,15,1
197,4,69,17
196,2,11,3
196,69,12,3
196,47,36,5
196,49,1,2
195,30,31,8
195,20,0,1
195,0,16,8
195,26,39,19
194,5,87,14
194,55,0,1
194,7,44,8
194,64,3,2
193,30,45,4
193,27,3,4
193,54,43,8
193,2,44,7
192,2,41,8
192,2,22,5
192,30,41,7
192,13,77,11
192,1,78,27
192,1,21,11
192,20,6,3
192,60,13,3
192,2,83,16
191,12,74,17
190,13,0,1
190,28,16,5
190,74,2,3
189,2,61,6
189,16,0,1
188,0,13,7
188,29,71,8
188,69,21,15
187,8,47,7
186,14,5,4
185,6,67,5
185,76,9,4
184,22,59,9
184,0,98,16
184,51,7,2
184,5,2,3
183,43,38,19
183,21,1,2
183,63,36,8
182,21,31,6
182,77,0,1
182,35,40,16
182,7,56,5
181,13,56,6
181,37,1,2
180,0,82,17
180,8,16,6
180,49,48,4
180,9,69,4
179,62,0,1
179,49,8,5
178,11,39,14
178,19,9,7
177,58,31,5
177,15,26,11
177,77,2,3
177,27,0,1
176,19,74,5
176,44,0,1
176,0,29,2
175,54,11,4
175,67,0,1
175,20,57,8
175,15,18,4
174,0,98,8
174,30,51,9
173,0,90,35
173,69,10,6
173,35,63,5
173,2,49,7
173,16,41,7
172,27,57,5
172,21,79,6
172,22,29,12
172,47,1,2
171,12,69,8
171,29,0,1
171,51,39,10
171,64,0,2
170,72,4,3
169,7,78,17
169,2,67,7
169,22,28,3
169,33,56,12
169,14,13,3
169,1,95,22
168,48,2,3
168,65,18,5
168,2,18,9
168,0,97,29
167,55,17,6
167,40,14,2
167,2,24,4
167,72,7,3
167,0,61,15
166,10,28,2
166,51,32,6
166,47,1,2
166,35,48,4
166,6,91,22
166,6,51,12
165,15,68,6
165,0,76,13
165,16,12,3
165,8,82,13
164,1,75,17
164,26,30,12
164,19,56,9
164,27,31,3
164,48,27,9
163,43,13,7
163,2,18,3
163,71,1,2
163,72,4,2
163,1,82,24
163,37,28,8
163,22,14,8
163,13,58,9
162,25,49,4
162,44,40,4
162,5,72,8
162,29,68,4
162,8,77,7
161,37,28,2
161,9,12,4
161,2,91,33
161,19,65,5
161,7,75,24
160,19,52,7
160,49,3,4
160,1,60,16
159,83,13,2
159,31,64,10
159,22,7,3
159,5,80,16
158,23,60,3
158,27,2,3
158,15,42,7
158,51,2,3
158,49,0,1
157,29,15,3
157,8,46,2
157,71,0,2
157,1,76,7
157,33,66,16
157,29,11,2
156,8,66,9
156,33,16,4
156,0,75,22
156,41,24,11
156,27,72,5
155,0,89,31
155,28,70,7
155,61,0,1
154,16,41,9
154,62,0,1
154,62,21,11
154,41,9,8
154,75,21,8
154,9,68,8
153,15,35,2
153,12,0,1
153,11,57,6
153,1,32,9
153,5,21,4
152,8,53,20
152,83,7,2
152,8,25,8
152,43,5,2
152,51,19,5
152,48,8,4
151,64,28,4
151,14,36,4
151,28,22,4
151,12,88,26
151,0,84,17
150,4,77,18
149,13,62,12
149,43,0,1
149,0,68,13
149,43,27,9
149,0,11,4
149,8,47,10
149,36,4,1
149,52,23,5
149,77,1,1
149,70,23,10
149,28,0,1
148,20,22,5
148,16,24,4
148,51,25,10
148,57,1,1
148,1,81,13
148,0,70,21
147,43,5,3
147,20,48,12
147,63,27,2
147,56,0,1
147,33,0,1
146,48,2,3
145,7,56,14
145,6,71,17
145,27,4,4
145,12,4,3
145,48,9,6
145,8,18,2
145,1,21,7
144,8,1,2
144,5,36,8
144,22,18,10
144,29,4,2
143,3,96,7
143,7,15,4
143,33,64,4
143,9,87,19
143,14,19,10
143,5,70,19
143,49,8,3
143,3,0,1
142,6,38,12
142,7,62,9
142,16,9,6
142,29,28,2
142,51,7,4
142,1,29,5
142,1,13,2
141,26,14,4
141,35,35,7
141,22,0,1
141,63,22,2
141,35,4,3
140,2,62,10
140,36,1,2
140,28,0,1
140,44,7,2
139,9,34,4
139,8,74,7
139,36,4,3
139,35,19,4
139,14,49,9
139,57,26,8
139,6,79,7
139,22,29,5
138,1,86,22
138,35,1,2
138,47,1,3
138,1,54,7
138,9,65,19
138,8,0,2
137,2,96,7
137,15,20,5
137,43,25,8
137,19,0,1
137,28,41,7
137,23,21,4
137,0,71,16
137,51,3,2
137,14,0,1
137,7,4,3
136,28,0,1
136,41,8,5
136,78,4,2
136,22,6,5
135,5,30,4
135,0,100,27
135,72,26,12
135,1,28,8
135,8,28,10
135,24,3,2
135,35,57,6
134,38,45,9
134,76,0,1
134,49,2,2
134,27,0,1
134,54,0,1
134,9,3,4
133,24,0,1
133,20,2,3
133,27,69,17
133,68,17,6
133,24,58,5
132,5,0,1
132,16,0,2
132,77,20,5
132,13,38,6
132,29,7,5
132,14,8,4
132,40,56,4
132,51,0,2
131,7,91,6
131,64,0,1
131,67,26,6
131,63,6,3
131,19,28,5
131,58,35,3
131,13,54,3
131,20,63,6
131,2,25,1
131,0,56,14
131,35,20,10
130,0,7,3
130,43,0,1
130,75,21,7
130,12,4,2
130,27,26,3
130,33,0,1
129,61,15,10
129,5,6,1
129,70,0,1
129,22,34,3
129,21,21,3
129,37,0,1
129,65,6,2
129,7,19,7
129,20,0,1
129,15,6,4
129,7,20,5
128,50,3,2
128,16,28,8
128,12,2,2
128,47,1,2
127,20,0,1
127,12,2,2
127,33,7,2
127,20,70,18
127,44,24,7
127,54,0,1
127,37,48,7
127,1,24,7
127,0,88,21
126,2,76,20
126,5,11,9
126,22,27,8
126,68,8,5
126,16,67,9
126,30,7,3
126,63,6,4
126,19,0,1
125,9,4,3
125,37,39,10
125,42,1,2
125,31,1,2
125,67,18,7
125,69,2,3
125,9,14,9
124,22,0,1
124,37,20,12
124,0,6,1
124,22,1,2
124,49,9,2
124,44,41,8
124,1,29,7
124,20,3,4
124,26,2,1
124,25,56,4
124,78,0,1
123,63,0,2
123,20,0,1
123,22,0,1
122,28,19,4
122,69,14,7
122,22,35,6
122,9,20,3
122,7,93,18
122,13,2,3
122,76,0,1
122,20,80,18
121,32,41,4
121,2,91,6
121,50,13,7
121,34,2,3
121,64,18,4
121,19,0,1
121,13,10,4
121,11,18,3
121,56,3,4
121,63,14,3
121,21,9,6
121,2,53,15
120,23,0,1
120,5,16,6
120,15,13,3
120,32,38,5
120,61,34,12
120,38,2,2
120,13,25,8
119,2,31,3
119,50,12,2
119,28,0,1
119,56,33,7
119,29,27,2
119,28,0,1
119,2,21,3
119,1,14,7
118,5,0,2
118,27,0,1
118,13,47,7
118,12,30,6
118,43,7,3
118,20,6,3
118,41,4,3
118,0,81,11
117,47,35,3
117,28,28,5
117,37,6,3
117,26,5,2
117,2,66,4
117,51,0,1
117,6,3,4
117,58,0,1
117,12,18,2
117,43,13,7
117,11,87,5
117,30,13,5
116,20,45,7
116,29,0,1
116,9,52,12
116,50,0,1
116,82,18,6
116,22,32,9
116,20,44,12
116,8,6,4
116,55,0,1
116,67,31,2
116,21,64,12
115,0,48,5
115,75,1,2
115,21,8,7
115,35,6,5
115,40,30,8
115,0,39,18
115,4,1,2
115,68,0,1
115,20,6,2
115,40,8,3
115,2,89,8
115,65,35,9
115,40,4,3
115,51,12,2
114,43,33,8
114,0,63,6
114,9,40,5
114,15,8,4
114,48,18,2
114,21,64,12
114,1,7,3
114,65,28,6
114,47,17,2
113,1,60,10
113,13,49,6
113,0,9,2
113,27,0,1
113,1,48,4
113,55,21,3
113,40,42,2
113,5,93,16
113,6,21,4
113,1,66,12
113,37,11,4
113,7,6,5
112,20,65,4
112,31,0,1
112,26,0,1
112,2,11,3
112,1,35,8
112,54,10,7
112,71,0,3
112,57,39,7
112,15,0,1
112,15,53,13
111,29,63,10
111,22,7,1
111,34,45,3
111,14,34,16
111,1,7,4
111,2,89,21
111,63,2,2
110,15,25,6
110,6,91,10
110,64,0,1
110,54,3,2
110,29,47,14
110,19,0,1
110,13,36,4
110,68,4,3
110,64,6,2
110,35,1,3
109,29,5,5
109,2,26,6
109,12,53,12
109,72,0,1
109,48,2,3
109,44,28,5
109,7,8,6
109,36,20,5
109,49,39,9
109,54,22,8
109,34,1,3
109,22,6,3
108,52,12,3
108,1,82,8
108,68,22,11
108,26,49,5
108,30,5,5
108,2,32,6
108,72,10,5
107,22,0,1
107,78,13,6
107,16,37,3
107,1,14,4
107,4,14,3
107,21,0,1
107,15,0,2
107,26,19,13
107,1,11,5
106,7,27,16
106,30,11,2
106,36,3,3
106,20,2,4
106,77,0,1
106,15,11,2
105,71,8,4
105,35,29,6
105,82,3,4
105,12,36,18
105,14,2,2
105,0,35,2
105,11,0,1
105,15,4,2
105,68,1,2
105,68,8,6
105,29,14,2
105,68,9,4
105,2,95,6
105,2,69,4
104,40,11,4
104,5,49,17
104,72,0,1
104,23,39,4
104,1,12,4
104,41,38,8
103,48,34,9
103,0,33,6
103,78,1,1
103,36,15,7
103,12,18,2
103,47,52,4
103,56,19,4
103,9,1,3
103,2,87,10
103,28,0,2
103,56,2,3
103,14,14,6
103,22,42,9
103,48,8,6
102,55,7,2
102,77,5,3
102,30,6,4
102,5,2,2
102,9,26,4
102,6,22,4
102,21,0,1
102,34,13,2
102,6,41,8
102,22,0,1
102,8,62,6
101,30,28,4
101,36,0,1
101,22,12,5
101,56,45,9
101,0,21,9
101,55,16,4
100,16,0,1
100,28,5,3
100,7,9,4
100,26,11,4
100,44,11,5
100,40,3,3
100,29,0,1
100,30,0,1
100,22,0,1
100,34,40,9
100,34,44,13
100,35,1,2
99,9,71,3
99,37,52,7
99,72,6,2
99,69,0,1
99,58,2,3
99,2,80,7
99,20,49,3
98,50,3,3
98,0,9,2
98,0,64,4
98,8,7,3
98,35,21,5
98,37,0,1
98,61,0,1
98,16,32,5
98,21,1,3
98,0,40,7
98,71,18,3
98,35,0,1
98,0,26,5
97,41,32,8
97,14,71,7
97,9,37,5
97,68,31,12
97,9,13,7
97,76,15,5
97,8,74,11
97,9,13,4
97,1,43,4
96,8,7,3
96,20,31,7
96,49,6,2
96,19,31,7
96,68,29,5
96,31,37,8
96,12,31,5
96,0,15,5
96,50,5,2
96,23,55,4
95,35,2,3
95,5,49,11
95,6,43,6
95,19,0,1
95,9,0,1
95,5,14,3
95,22,33,4
95,16,38,10
95,40,8,2
95,20,29,3
95,2,45,17
95,19,3,4
94,29,19,3
94,35,14,3
94,1,39,6
94,22,0,1
94,34,63,7
94,9,0,1
94,1,3,1
94,8,45,7
94,0,82,18
94,26,51,8
94,50,19,6
94,13,10,4
94,7,89,6
94,2,73,3
93,42,0,1
93,16,24,4
93,20,6,3
93,46,6,2
93,68,3,4
93,0,13,5
93,6,35,9
93,43,0,1
93,29,42,4
93,19,2,3
92,1,16,6
92,30,19,5
92,19,15,3
92,69,16,3
92,13,63,5
92,19,63,3
92,6,1,2
92,2,54,16
92,18,4,2
92,78,0,1
92,80,0,1
92,20,76,20
91,64,16,11
91,28,0,1
91,0,23,11
91,56,0,1
91,11,7,5
91,30,0,1
91,6,0,1
91,9,32,10
91,14,65,22
90,22,4,2
90,19,60,11
90,75,0,2
90,70,0,2
90,82,1,2
90,0,27,11
90,20,3,2
90,30,0,1
90,14,0,1
90,69,0,1
90,21,1,2
90,19,8,4
90,54,1,2
90,18,19,5
90,29,19,8
90,15,19,6
90,19,1,2
90,22,0,1
90,44,4,2
90,78,21,4
90,9,0,1
89,15,0,1
89,14,5,4
89,14,44,6
89,55,0,2
89,0,53,6
89,5,19,3
88,43,0,1
88,64,25,8
88,0,26,6
88,7,14,3
88,51,0,1
88,19,37,4
88,48,0,1
88,1,18,4
88,47,12,3
88,70,13,6
88,1,15,7
88,26,2,2
88,29,0,1
88,72,2,3
87,83,5,1
87,12,9,5
87,83,8,4
87,12,4,3
87,57,0,1
87,53,3,2
87,18,70,7
87,28,15,13
87,7,14,4
87,8,27,9
87,9,16,11
87,7,54,2
87,16,7,3
87,42,0,2
87,9,68,7
86,0,28,3
86,48,2,3
86,16,0,1
86,6,2,3
86,16,3,1
86,48,22,4
86,4,46,2
86,26,4,5
86,19,0,2
86,61,3,4
86,75,1,2
86,28,1,2
86,29,0,1
86,63,19,4
86,57,27,11
86,20,0,1
86,19,0,1
86,16,4,2
86,56,2,3
86,20,1,2
85,1,56,3
85,14,14,5
85,0,88,8
85,28,2,3
85,37,60,9
85,75,0,1
85,23,65,12
85,47,53,7
85,1,12,2
85,36,1,1
85,0,22,4
85,19,3,3
85,5,84,7
85,2,69,15
84,19,1,2
84,15,11,2
84,30,0,1
84,18,3,3
84,48,1,2
84,15,4,2
84,56,0,2
84,82,0,1
84,25,71,6
84,23,0,1
84,36,6,4
84,46,31,5
84,58,21,4
84,21,6,5
83,51,0,1
83,29,0,1
83,79,0,2
83,14,41,4
83,61,0,1
83,12,0,1
83,7,29,4
83,35,0,2
83,72,7,2
83,29,0,1
83,6,7,3
83,0,70,9
83,55,0,1
83,70,1,2
83,9,47,4
82,9,0,1
82,59,0,2
82,49,12,3
82,0,36,3
82,30,0,1
82,49,29,5
82,44,12,5
82,67,0,1
82,22,0,1
82,16,34,6
82,9,2,2
82,15,33,2
82,35,22,2
82,26,38,4
82,8,12,3
82,0,76,15
81,58,2,2
81,21,50,5
81,22,62,4
81,0,89,13
81,6,66,10
81,78,0,1
81,20,55,3
81,19,3,3
81,49,2,2
81,19,0,1
81,6,17,2
81,4,36,2
81,8,87,3
81,16,61,14
81,28,0,1
80,50,33,4
80,50,33,9
80,44,10,6
80,5,86,4
80,18,60,4
80,63,12,3
80,23,3,2
80,23,0,1
79,22,15,3
79,36,7,2
79,62,1,3
79,37,0,1
79,0,19,7
79,0,16,7
79,0,7,3
79,42,0,1
79,56,27,5
79,5,15,3
79,9,0,1
79,40,45,6
78,41,15,3
78,56,1,2
78,0,48,5
78,71,12,2
78,6,7,3
78,58,0,1
78,34,62,6
78,29,55,2
78,56,0,1
78,30,40,13
78,19,8,7
78,51,0,1
78,8,0,1
77,56,39,14
77,27,0,1
77,0,47,12
77,12,12,7
77,33,1,2
77,5,62,4
77,8,1,2
77,30,4,3
77,56,0,2
77,33,1,2
77,65,0,1
77,26,1,2
77,11,19,5
77,70,2,2
77,16,0,1
77,1,66,17
77,37,0,1
76,27,24,8
76,6,6,4
76,28,20,8
76,79,1,2
76,0,68,5
76,19,4,2
76,48,6,5
76,83,6,3
76,1,14,6
76,7,6,3
75,26,9,8
75,3,0,1
75,47,1,2
75,82,0,1
75,0,15,2
75,21,1,3
75,5,1,2
75,5,37,9
75,22,22,6
75,12,25,3
75,62,1,2
75,26,0,1
75,82,0,1
75,34,29,9
75,68,3,2
75,81,0,1
75,17,30,4
75,0,6,3
75,29,48,16
75,34,56,9
75,7,1,2
75,30,6,2
74,1,19,9
74,5,92,6
74,29,1,2
74,50,0,1
74,1,6,3
74,43,0,1
74,2,6,2
74,0,16,2
74,13,43,8
74,27,0,1
74,76,2,3
74,30,3,2
74,58,0,1
74,14,8,2
74,23,0,1
74,71,5,2
74,56,0,1
74,33,24,12
74,2,32,2
74,58,0,1
73,52,0,1
73,1,34,5
73,22,45,7
73,27,22,4
73,8,40,14
73,22,56,8
73,55,10,5
73,49,48,3
73,18,50,5
73,30,0,1
73,16,5,3
73,8,33,5
73,33,0,1
73,18,70,17
72,42,0,1
72,26,15,4
72,19,0,1
72,22,11,5
72,11,1,2
72,6,0,1
72,25,28,3
72,27,43,7
72,44,13,3
72,22,20,2
72,54,25,2
72,20,37,3
72,64,32,4
72,37,11,4
71,52,2,2
71,57,0,1
71,56,0,1
71,16,5,3
71,30,0,1
71,29,43,2
71,44,12,5
71,17,61,2
71,21,7,4
71,12,86,8
71,29,68,4
71,58,4,2
71,34,0,1
71,45,3,3
71,31,0,1
71,33,4,3
71,8,10,4
71,9,2,2
70,51,30,6
70,29,15,6
70,9,28,6
70,29,0,1
70,1,4,1
70,42,0,1
70,1,6,4
70,15,50,6
70,36,0,1
70,22,18,2
70,38,3,2
70,56,0,1
70,2,7,5
70,16,10,7
70,40,55,4
69,57,0,1
69,78,4,4
69,30,0,1
69,28,0,1
69,0,62,16
69,14,1,2
69,77,9,3
69,7,1,2
69,54,0,1
69,51,0,1
69,9,0,2
69,57,0,1
69,29,0,1
69,28,0,1
69,29,39,10
69,24,0,1
69,30,60,4
69,51,3,3
69,69,0,1
68,63,2,3
68,49,0,1
68,55,1,2
68,61,0,1
68,53,24,12
68,36,21,4
68,13,8,2
68,10,0,1
68,51,6,4
68,15,61,9
68,26,0,2
68,72,18,4
68,59,0,1
68,20,22,7
68,1,14,9
67,8,39,11
67,12,64,3
67,68,3,3
67,54,0,1
67,1,14,4
67,9,30,5
67,62,1,2
67,15,1,2
67,69,0,1
67,54,0,1
67,47,0,1
67,28,0,1
67,29,21,2
67,19,21,6
67,4,3,2
67,1,28,5
67,10,0,1
67,8,0,2
67,64,2,2
67,56,0,1
67,33,0,1
67,76,0,1
67,75,2,3
67,56,1,1
67,22,66,6
67,37,43,4
67,71,0,1
67,19,3,5
67,62,0,1
67,30,17,7
67,15,0,1
67,19,0,1
67,54,0,1
66,63,1,2
66,36,14,7
66,54,16,5
66,28,1,2
66,55,0,1
66,57,0,1
66,41,31,3
66,8,28,6
66,23,27,3
66,2,25,3
66,69,1,3
66,48,2,2
66,6,0,1
66,48,0,1
66,1,26,4
66,23,18,7
66,63,4,3
66,72,10,5
66,56,0,1
66,27,44,3
66,14,83,6
66,8,70,5
66,62,0,1
66,83,5,3
66,54,2,2
66,2,34,2
66,83,9,4
66,29,26,5
65,54,0,1
65,72,21,9
65,34,3,2
65,55,23,4
65,56,0,1
65,0,9,2
65,19,15,3
65,37,0,1
65,20,77,4
65,14,47,5
65,34,21,4
65,0,70,5
65,44,0,1
65,49,49,7
65,7,30,3
65,49,1,2
65,16,3,2
65,48,6,2
65,21,72,4
65,70,0,1
64,73,0,1
64,35,29,3
64,48,3,2
64,28,1,2
64,23,36,5
64,7,0,1
64,63,9,4
64,16,1,2
64,16,80,8
64,7,0,1
64,65,0,1
64,19,0,1
64,82,0,1
64,65,3,4
64,47,50,11
64,51,49,3
64,19,0,1
64,33,0,2
64,76,16,5
64,0,15,3
64,42,0,1
64,55,0,1
64,36,1,2
64,39,0,1
63,43,54,3
63,19,0,1
63,29,43,2
63,12,23,10
63,25,4,4
63,36,22,5
63,16,3,2
63,15,25,6
63,1,62,17
63,0,51,5
63,51,0,1
63,55,0,1
63,41,8,5
63,9,62,19
63,33,2,3
63,38,0,1
63,47,0,1
62,51,5,3
62,41,9,5
62,22,0,1
62,24,11,3
62,12,17,2
62,6,12,2
62,15,0,1
62,41,15,9
62,28,16,1
62,35,0,1
62,7,78,9
62,21,0,1
62,24,2,2
62,20,0,1
62,37,0,1
62,21,14,3
62,55,2,2
62,76,14,7
61,21,1,2
61,35,0,2
61,19,0,2
61,6,0,1
61,57,3,2
61,5,94,4
61,51,17,5
61,83,9,2
61,71,25,5
61,6,57,3
61,9,48,2
61,40,29,2
61,72,8,2
61,15,22,4
61,9,40,9
61,5,15,2
61,39,11,5
61,79,6,4
61,29,6,2
61,14,79,10
61,72,8,4
61,19,0,1
61,30,31,5
61,2,19,2
61,75,4,2
61,5,29,4
60,76,6,4
60,33,3,3
60,29,19,4
60,77,0,1
60,5,43,12
60,20,1,1
60,0,53,9
60,44,49,15
60,31,60,4
60,6,22,3
60,5,28,2
60,20,36,12
60,16,14,5
60,27,0,1
60,69,29,4
60,16,11,5
60,28,69,7
60,20,66,7
60,33,4,3
60,0,15,1
60,77,5,3
60,0,23,3
60,23,0,1
60,63,12,6
59,22,2,3
59,55,0,2
59,78,0,1
59,14,15,3
59,21,29,2
59,70,6,4
59,71,0,1
59,7,8,5
59,35,0,1
59,37,1,2
59,41,6,3
59,47,54,10
59,74,14,2
59,72,1,2
59,12,9,6
59,40,2,3
58,20,20,4
58,82,1,2
58,15,7,3
58,41,0,1
58,51,24,4
58,2,6,2
58,35,28,2
58,58,11,4
58,4,0,1
58,25,1,1
58,37,4,3
58,37,6,1
58,51,38,9
58,22,0,1
58,29,0,2
57,11,6,3
57,69,6,3
57,51,31,3
57,23,18,4
57,34,55,8
57,35,0,1
57,22,0,2
57,0,30,13
57,6,0,1
57,69,1,2
57,0,44,4
57,58,0,1
57,27,0,1
57,0,69,9
57,16,0,1
57,44,3,2
57,50,33,3
57,51,3,2
56,57,0,1
56,60,0,1
56,7,16,2
56,36,0,1
56,37,0,1
56,22,42,8
56,7,1,2
56,63,7,2
56,60,0,1
56,19,0,1
56,75,13,5
56,36,0,1
56,68,2,4
56,2,25,2
56,16,5,3
56,34,0,1
56,6,1,2
56,6,71,4
56,33,22,4
56,6,2,3
56,28,19,4
56,78,0,1
56,14,84,7
56,15,13,4
56,76,0,1
56,40,0,2
56,58,17,4
56,40,0,1
56,26,0,1
56,48,0,1
56,68,16,2
56,6,0,1
56,14,15,6
56,36,54,7
56,6,17,2
56,8,27,3
55,72,0,1
55,22,21,3
55,58,0,1
55,29,50,8
55,44,0,1
55,12,88,10
55,79,0,1
55,58,27,14
55,43,0,2
55,4,8,4
55,61,3,3
55,9,5,4
55,41,9,5
55,7,93,9
55,42,5,4
55,63,0,1
55,29,6,4
55,33,53,14
55,19,1,2
55,70,14,3
55,83,0,1
55,35,8,3
54,8,15,4
54,36,0,1
54,14,30,3
54,58,2,3
54,27,14,3
54,26,7,3
54,76,19,4
54,21,1,3
54,28,0,1
54,0,26,2
54,7,27,3
54,84,0,1
54,77,0,1
54,57,0,1
54,27,0,2
53,1,20,1
53,51,0,1
53,44,12,7
53,4,0,1
53,31,0,1
53,74,0,1
53,22,16,3
53,42,0,1
53,47,2,3
53,32,0,1
53,82,14,4
53,43,1,2
53,51,6,4
53,8,0,1
53,50,0,1
53,0,91,7
53,44,52,2
53,68,16,3
53,75,5,5
53,6,56,9
53,55,9,3
53,40,11,4
53,13,10,2
53,27,0,1
53,14,7,4
53,65,0,2
53,23,0,1
53,0,5,1
53,5,0,1
52,13,0,1
52,1,18,2
52,20,0,1
52,20,13,4
52,37,0,1
52,64,20,3
52,35,20,6
52,57,12,3
52,42,54,4
52,6,63,5
52,34,0,1
52,40,0,1
52,79,3,2
52,72,0,1
52,1,70,5
52,42,1,2
52,57,0,1
52,68,0,1
52,47,1,2
52,64,6,2
52,8,29,5
52,13,3,2
52,82,0,1
51,60,0,1
51,44,55,10
51,16,76,3
51,35,35,3
51,83,0,1
51,55,21,2
51,1,5,3
51,64,0,1
51,0,6,2
51,43,12,5
51,13,66,3
51,21,13,3
51,83,0,1
51,71,6,3
51,82,0,1
51,2,76,1
51,68,14,2
51,79,5,5
51,15,39,1
51,65,14,3
51,57,0,1
51,19,30,6
51,35,2,2
51,77,1,2
51,15,41,8
51,15,33,5
50,1,78,3
50,9,0,1
50,21,61,3
50,37,29,5
50,40,5,3
50,42,0,1
50,51,5,3
50,8,70,3
50,22,13,4
50,78,14,2
50,43,0,2
50,29,0,1
50,21,0,1
50,4,3,2
50,34,0,1
50,0,86,5
50,33,0,1
50,83,0,1
50,8,8,7
49,35,6,3
49,2,12,4
49,29,42,4
49,55,23,4
49,0,35,3
49,75,2,2
49,21,37,3
49,13,16,2
49,19,1,1
49,1,91,2
49,0,34,3
49,3,1,2
49,5,38,9
49,16,47,5
49,58,0,1
49,13,45,2
49,35,12,2
49,9,55,9
49,23,2,1
49,35,0,1
49,49,0,1
49,35,0,1
49,43,4,3
49,8,8,3
49,35,0,1
49,8,6,4
48,16,0,1
48,28,0,1
48,82,1,1
48,21,22,3
48,2,45,5
48,20,0,1
48,5,8,3
48,0,7,2
48,28,60,14
48,47,0,1
48,19,2,3
48,50,0,1
48,5,10,2
48,36,0,1
48,19,0,1
48,10,45,6
48,20,0,1
48,14,0,1
48,5,16,7
48,35,0,1
48,40,0,1
48,80,0,1
48,29,26,2
48,61,14,4
48,5,74,6
47,37,3,2
47,72,9,3
47,30,21,3
47,0,7,1
47,55,0,1
47,19,0,1
47,49,1,2
47,34,23,4
47,1,21,2
47,34,0,1
47,7,2,2
47,64,0,1
47,58,0,1
47,2,19,5
47,62,2,3
47,41,0,2
47,49,5,3
47,40,35,3
47,26,10,2
47,71,0,1
47,47,0,1
47,80,0,1
47,50,1,1
47,32,0,1
47,16,58,8
47,29,0,1
47,22,0,1
47,18,0,1
47,45,0,1
47,69,22,5
47,34,0,1
47,2,35,1
47,57,0,1
47,32,0,1
46,64,4,3
46,27,2,2
46,30,0,1
46,25,57,2
46,5,60,9
46,78,1,2
46,14,43,6
46,10,0,1
46,49,6,3
46,44,20,5
46,64,29,3
46,34,0,1
46,46,0,1
46,29,28,12
46,21,0,1
46,27,22,5
46,28,33,11
46,22,4,2
46,28,2,3
46,61,8,5
46,20,0,1
46,40,9,3
46,0,27,4
46,1,56,6
46,16,2,2
45,23,0,1
45,29,0,1
45,8,49,7
45,37,0,1
45,79,0,1
45,67,18,3
45,41,3,4
45,68,0,1
45,16,13,5
45,34,44,3
45,33,0,2
45,8,0,1
45,2,2,1
45,58,19,2
45,68,29,3
45,30,0,1
45,16,73,7
45,57,0,1
45,48,1,2
45,57,0,1
45,79,0,1
45,56,29,3
45,51,5,3
45,9,24,11
45,5,1,2
45,33,30,5
45,41,0,1
45,2,4,1
45,44,5,4
45,36,12,4
45,28,1,2
45,21,17,4
45,11,0,2
44,2,3,2
44,71,4,2
44,79,12,3
44,57,0,1
44,0,20,5
44,70,0,2
44,12,6,3
44,34,0,1
44,35,0,1
44,5,14,2
44,1,20,3
44,34,0,1
44,63,2,2
44,43,0,1
44,13,0,1
44,26,7,4
44,34,64,7
44,9,5,3
44,41,0,1
44,25,7,3
44,19,2,3
44,34,58,4
44,83,0,1
44,0,20,6
44,22,60,5
44,9,42,4
44,21,6,2
44,7,0,1
44,47,11,2
43,83,0,2
43,28,1,1
43,16,0,1
43,34,0,1
43,12,0,1
43,44,0,1
43,41,0,1
43,26,6,3
43,16,31,2
43,34,0,1
43,37,6,2
43,12,3,3
43,76,0,2
43,73,6,2
43,51,0,1
43,68,0,1
43,51,0,1
43,80,7,2
43,29,0,1
43,14,5,2
43,14,56,3
43,7,8,1
43,33,0,1
43,51,0,1
43,12,0,1
43,37,0,1
43,51,3,3
43,16,8,5
43,7,0,1
43,0,69,11
43,57,0,1
42,36,0,1
42,17,6,2
42,28,13,4
42,8,20,2
42,33,1,2
42,56,2,3
42,22,27,3
42,25,7,2
42,58,0,1
42,26,46,6
42,19,0,1
42,48,36,6
42,36,1,2
42,28,0,1
42,37,7,2
42,21,1,2
42,83,9,5
42,45,1,2
42,34,0,1
42,4,0,1
42,33,8,4
42,23,6,2
42,81,0,1
42,74,1,3
42,39,0,1
42,12,0,2
42,1,1,1
42,16,47,5
42,6,0,1
42,27,0,1
41,35,0,1
41,5,24,10
41,78,7,3
41,5,0,1
41,21,16,4
41,37,0,1
41,56,30,3
41,24,58,2
41,32,0,1
41,14,7,4
41,40,1,2
41,5,0,1
41,23,12,7
41,44,4,2
41,75,0,1
41,13,0,1
41,35,61,4
41,27,1,2
41,27,0,1
41,48,0,1
41,69,1,2
41,35,0,1
41,36,0,1
41,16,0,1
41,48,0,1
41,35,0,1
41,33,23,5
41,7,0,1
41,7,0,1
41,34,20,3
41,57,0,1
41,55,0,1
40,19,74,6
40,39,39,7
40,65,22,1
40,7,13,4
40,7,42,4
40,30,63,5
40,15,57,7
40,14,2,1
40,33,0,1
40,34,0,1
40,15,84,5
40,61,2,2
40,12,51,4
40,83,0,1
40,37,32,7
40,67,0,2
40,54,0,1
40,23,0,1
40,49,27,2
40,58,0,1
40,2,3,1
40,70,5,4
40,64,1,2
40,68,8,3
40,16,32,4
40,47,0,1
40,9,35,3
40,9,66,4
40,61,16,4
40,61,0,1
40,34,0,2
40,27,8,2
40,5,0,2
40,63,0,1
40,20,20,3
40,41,0,2
40,0,23,1
40,19,0,1
40,54,7,2
40,34,0,1
40,71,0,1
39,29,0,1
39,58,13,2
39,20,29,10
39,21,0,2
39,58,38,5
39,15,0,1
39,21,5,3
39,62,33,8
39,5,36,3
39,34,0,1
39,57,0,1
39,54,23,7
39,29,0,1
39,42,8,2
39,9,0,1
39,2,22,4
39,10,74,3
39,1,33,5
39,26,9,4
39,56,8,3
39,14,0,1
39,43,0,1
39,9,84,7
39,65,1,2
38,22,70,7
38,15,13,3
38,51,14,2
38,51,0,1
38,56,0,1
38,2,3,1
38,51,0,1
38,9,3,2
38,51,0,1
38,0,22,5
38,35,6,3
38,35,5,2
38,62,1,2
38,82,0,1
38,37,12,2
38,6,13,6
38,16,7,2
38,33,46,7
38,69,6,2
38,48,0,1
38,69,8,2
38,14,49,7
38,0,44,3
38,82,4,2
38,15,0,1
38,54,0,1
38,3,3,4
38,55,0,1
38,56,0,1
38,27,0,1
38,41,2,2
38,82,0,1
37,34,2,1
37,68,26,2
37,63,2,1
37,11,0,1
37,54,24,5
37,4,82,4
37,37,0,1
37,2,41,5
37,9,10,2
37,79,0,1
37,76,0,1
37,72,3,1
37,7,0,1
37,29,0,1
37,64,0,1
37,12,24,4
37,28,0,1
37,43,0,2
37,30,18,2
37,13,2,2
37,75,0,1
37,75,0,1
37,51,12,2
37,42,8,5
37,67,0,1
37,28,0,1
37,30,0,1
37,34,0,2
37,57,0,1
37,42,0,1
37,42,7,3
37,8,0,1
37,69,0,1
37,6,1,2
37,64,8,3
37,8,19,4
37,66,2,1
37,56,9,3
37,34,0,1
37,0,71,9
37,83,0,1
37,77,7,1
37,0,83,7
37,16,13,4
37,43,0,1
37,7,72,2
37,0,5,2
36,63,0,1
36,12,0,1
36,2,68,2
36,67,0,1
36,67,0,1
36,14,22,7
36,48,1,2
36,62,0,1
36,14,0,1
36,10,26,5
36,23,17,2
36,32,4,3
36,66,0,1
36,42,44,2
36,28,35,2
36,76,0,1
36,52,0,1
36,21,55,1
36,30,2,2
36,37,0,1
36,33,35,4
36,49,36,3
36,43,49,4
36,2,6,3
36,76,0,1
36,35,0,1
36,1,20,9
36,8,0,1
36,16,0,1
36,22,0,1
36,32,13,1
36,57,0,1
35,62,0,2
35,72,0,1
35,50,1,2
35,48,0,1
35,49,13,3
35,76,0,1
35,40,1,2
35,57,28,3
35,51,0,1
35,20,13,3
35,55,0,1
35,2,6,3
35,79,0,1
35,0,40,2
35,77,7,2
35,70,12,2
35,51,27,4
35,1,25,6
35,21,0,1
35,36,64,4
35,38,0,1
35,13,8,3
35,0,41,8
35,39,0,1
35,45,23,2
35,27,1,2
35,71,0,1
35,47,0,1
35,77,0,1
35,13,6,2
35,80,0,1
35,6,0,1
35,75,0,1
35,15,0,1
35,0,41,4
35,40,3,2
35,18,0,1
35,30,0,2
35,34,0,2
35,20,0,1
35,14,27,3
35,57,0,1
34,40,59,10
34,55,0,1
34,77,1,2
34,69,24,2
34,7,22,6
34,16,2,2
34,81,0,1
34,19,0,1
34,55,0,1
34,83,0,1
34,37,26,1
34,61,13,5
34,33,59,8
34,5,3,1
34,21,1,2
34,56,0,1
34,48,0,1
34,1,21,1
34,27,0,1
34,83,1,2
34,8,20,4
34,54,45,4
34,70,0,1
34,50,0,1
34,49,9,2
34,63,2,2
34,30,0,1
34,35,0,1
34,1,8,1
34,57,7,3
34,12,1,2
34,8,48,2
34,34,0,2
34,35,0,1
34,35,0,1
34,12,0,1
34,20,78,3
34,80,0,1
34,27,0,1
33,34,0,1
33,71,29,4
33,43,6,4
33,50,6,2
33,77,2,3
33,20,1,2
33,81,0,1
33,48,0,1
33,33,0,1
33,57,0,1
33,54,1,2
33,23,0,1
33,1,12,7
33,50,0,1
33,51,45,3
33,22,0,1
33,69,27,2
33,34,0,1
33,6,43,12
33,0,22,6
33,6,1,2
33,56,0,1
33,75,0,1
33,40,0,1
33,70,0,1
33,0,33,2
33,38,4,2
33,36,0,2
33,47,0,1
33,37,0,1
33,58,0,1
33,14,0,1
33,28,2,2
33,72,25,2
33,43,0,2
33,28,0,2
33,33,23,5
33,83,0,1
33,48,0,1
33,58,0,1
33,37,5,1
33,38,0,1
33,40,3,1
32,64,0,1
32,37,0,1
32,32,0,1
32,36,0,1
32,19,29,4
32,37,2,2
32,41,36,3
32,68,0,1
32,56,0,1
32,27,0,2
32,50,0,1
32,1,12,2
32,36,0,1
32,44,2,2
32,48,0,1
32,48,1,2
32,44,0,1
32,1,20,1
32,44,5,2
32,28,0,1
32,33,0,2
32,33,0,2
32,36,63,5
32,34,14,3
32,29,27,7
32,83,0,1
32,26,1,1
32,33,2,2
32,8,0,1
32,70,0,1
32,50,0,2
32,3,0,1
32,26,0,2
32,30,55,7
32,26,25,4
32,49,0,2
32,51,23,3
32,56,0,1
32,27,0,1
32,48,0,1
32,70,1,2
32,71,1,1
32,19,0,1
32,29,0,1
32,47,0,1
32,40,0,2
32,69,10,4
32,36,0,1
32,10,0,1
32,69,8,4
32,1,4,2
32,28,0,2
32,21,0,1
32,40,0,1
31,51,0,1
31,1,15,1
31,0,7,1
31,35,8,3
31,57,1,2
31,12,66,5
31,82,1,2
31,51,29,2
31,27,0,2
31,22,5,3
31,82,0,1
31,56,1,2
31,29,0,1
31,30,0,1
31,62,0,1
31,71,0,1
31,28,0,1
31,78,0,1
31,48,0,1
31,14,0,1
31,0,78,3
31,10,0,1
31,54,0,1
31,35,0,1
31,81,0,1
31,65,0,1
31,14,69,2
31,29,0,1
31,16,0,1
31,50,0,1
31,21,6,2
31,20,1,2
31,49,0,1
31,57,16,3
31,49,0,2
31,9,38,2
31,22,0,1
31,83,0,1
31,7,0,1
31,49,0,1
31,44,0,1
31,48,12,2
31,14,0,1
31,48,0,1
31,65,7,3
31,30,0,1
31,36,0,1
31,78,0,1
31,0,34,1
31,28,2,1
31,35,13,4
31,1,22,3
31,46,0,1
31,51,0,1
31,34,0,1
31,55,34,5
31,72,24,1
31,5,8,3
30,19,0,1
30,61,0,2
30,34,0,2
30,15,5,2
30,75,0,2
30,64,11,4
30,34,0,1
30,68,1,1
30,0,41,3
30,22,42,2
30,61,0,1
30,64,0,1
30,37,0,1
30,77,6,2
30,27,0,1
30,45,0,1
30,0,20,8
30,34,0,1
30,2,18,1
30,35,0,1
30,21,8,2
30,79,0,1
30,78,0,1
30,51,10,2
30,70,0,1
30,32,0,1
30,34,0,2
30,28,1,2
30,43,0,1
30,83,0,1
30,57,0,1
30,78,0,1
30,71,6,1
30,83,0,1
30,26,0,1
30,34,42,2
30,55,0,1
30,61,2,3
30,55,1,1
30,82,3,4
30,20,0,1
30,44,0,1
30,57,0,1
30,7,0,1
30,42,0,1
29,79,0,1
29,50,7,3
29,33,0,1
29,33,0,1
29,43,53,3
29,23,0,1
29,68,0,1
29,40,0,1
29,42,12,3
29,8,0,1
29,37,16,2
29,36,3,2
29,47,1,2
29,7,0,1
29,56,29,4
29,43,7,3
29,40,0,1
29,7,62,5
29,13,0,1
29,55,0,2
29,78,7,2
29,6,0,1
29,50,39,3
29,51,0,1
29,54,0,1
29,40,0,1
29,6,5,2
29,8,46,2
29,55,0,1
29,12,0,1
29,55,1,2
29,7,21,2
29,83,1,2
29,37,0,1
29,0,86,4
29,22,0,1
29,34,0,1
29,61,0,1
29,56,19,6
29,7,0,1
29,79,0,1
29,32,0,1
29,40,0,1
29,29,62,6
29,50,0,1
29,16,4,3
29,16,0,1
29,70,4,4
29,21,0,1
29,82,0,1
29,68,10,3
29,63,0,1
29,5,85,7
29,28,0,1
29,12,7,3
29,27,0,1
29,58,0,1
28,56,18,2
28,76,0,1
28,40,0,1
28,73,0,2
28,45,0,1
28,10,0,1
28,28,0,1
28,53,0,1
28,40,3,3
28,72,0,1
28,20,30,2
28,70,0,1
28,23,0,1
28,42,2,1
28,19,11,2
28,67,17,1
28,82,3,2
28,26,0,1
28,51,13,2
28,44,2,2
28,58,11,3
28,29,0,1
28,0,77,3
28,15,0,1
28,14,62,2
28,23,0,1
28,13,31,3
28,9,40,2
28,29,0,1
28,16,0,1
28,8,0,1
28,54,0,1
28,76,1,3
28,42,0,1
28,83,0,2
28,82,0,1
28,82,0,1
28,36,0,1
28,79,0,1
28,56,1,2
28,74,0,1
28,65,0,1
28,71,0,1
28,22,0,1
28,0,7,1
28,51,0,1
28,30,28,2
28,55,0,1
28,64,0,1
28,79,0,1
27,72,10,3
27,65,3,2
27,22,0,2
27,23,0,1
27,61,4,2
27,58,0,1
27,77,0,2
27,35,4,3
27,14,34,5
27,42,27,2
27,67,0,1
27,50,32,4
27,79,0,1
27,83,0,1
27,49,0,1
27,70,13,2
27,63,0,1
27,21,1,2
27,42,0,1
27,9,0,1
27,17,11,3
27,73,0,1
27,54,1,2
27,13,0,1
27,43,0,1
27,13,7,1
27,28,0,1
27,58,0,1
27,79,0,1
27,15,7,4
27,23,17,5
27,76,3,3
27,37,0,1
27,26,0,2
27,81,1,3
27,37,33,4
27,35,19,2
27,28,32,3
27,15,5,2
27,16,49,3
27,5,1,2
27,79,0,1
27,70,13,2
27,39,10,2
27,56,0,1
27,40,0,1
27,83,13,4
27,6,45,3
27,13,0,1
27,43,7,5
27,70,8,4
27,40,50,2
27,59,0,1
27,43,4,3
27,51,17,6
27,64,0,1
26,13,80,3
26,36,11,4
26,48,0,1
26,7,0,1
26,1,7,1
26,82,8,3
26,69,0,1
26,8,13,4
26,78,0,1
26,74,0,1
26,76,0,1
26,0,61,2
26,27,41,7
26,26,31,3
26,26,0,1
26,22,0,1
26,27,9,2
26,12,0,1
26,2,81,5
26,57,0,1
26,83,0,1
26,28,57,3
26,30,0,1
26,78,7,2
26,34,0,1
26,62,0,1
26,37,3,2
26,41,0,1
26,16,0,1
26,61,4,2
26,72,24,2
26,33,0,1
26,58,6,2
26,15,20,3
26,71,0,2
26,20,0,1
26,43,0,1
26,34,1,1
26,15,28,3
26,83,0,1
26,65,6,2
26,2,11,4
26,7,0,1
26,21,0,1
26,82,0,1
26,29,0,1
26,30,0,1
26,49,7,2
26,49,13,2
26,8,50,4
26,25,3,2
26,28,0,1
26,24,1,2
26,14,0,1
26,6,1,2
26,72,0,1
26,28,6,2
26,75,0,1
26,20,0,1
25,35,5,3
25,47,46,3
25,37,5,2
25,28,0,1
25,47,1,2
25,84,0,1
25,27,1,2
25,58,12,3
25,13,7,2
25,15,0,1
25,72,0,1
25,10,0,2
25,8,0,1
25,10,0,1
25,79,14,2
25,35,0,1
25,53,0,1
25,41,0,1
25,29,0,1
25,73,0,1
25,35,0,1
25,18,0,1
25,61,37,4
25,18,0,1
25,77,19,3
25,65,32,5
25,43,0,1
25,16,23,2
25,55,1,2
25,18,0,1
25,30,0,1
25,42,7,4
25,65,32,4
25,82,0,1
25,70,0,2
25,29,0,1
25,32,2,2
25,44,0,1
25,27,0,1
25,58,0,1
25,84,0,1
25,44,0,1
25,54,9,3
25,30,0,1
25,57,0,1
25,83,0,1
25,35,0,1
25,20,66,5
25,44,0,1
25,21,34,2
25,58,0,1
25,71,28,4
25,2,27,4
24,9,0,1
24,9,43,5
24,68,0,1
24,72,0,1
24,57,0,2
24,41,12,5
24,19,0,1
24,2,41,6
24,35,0,1
24,33,0,1
24,13,0,1
24,62,0,1
24,9,11,2
24,54,0,1
24,29,0,1
24,14,1,2
24,15,0,1
24,51,0,1
24,31,0,1
24,83,0,1
24,69,7,1
24,71,0,1
24,43,0,1
24,34,0,1
24,35,1,2
24,77,0,1
24,26,0,1
24,1,5,1
24,52,0,2
24,78,5,3
24,58,1,2
24,78,0,1
24,7,0,1
24,51,20,2
24,9,55,2
24,53,0,1
24,46,0,1
24,27,69,4
24,40,0,1
24,14,36,4
24,40,35,3
24,34,0,1
24,35,0,1
24,42,40,1
24,26,0,1
24,82,3,3
24,83,0,1
24,21,0,1
24,79,0,1
24,51,2,2
24,48,27,3
23,7,41,1
23,51,6,3
23,8,31,5
23,82,0,2
23,65,2,1
23,42,29,4
23,68,0,1
23,28,4,3
23,27,3,4
23,58,0,1
23,7,20,2
23,22,0,1
23,4,25,5
23,45,0,1
23,64,1,2
23,65,21,2
23,12,0,1
23,80,0,1
23,65,0,1
23,46,0,1
23,41,55,2
23,56,0,1
23,2,23,1
23,83,2,2
23,78,0,1
23,13,31,4
23,39,0,1
23,56,0,1
23,22,0,1
23,75,0,1
23,73,0,2
23,21,0,1
23,40,6,2
23,62,0,1
23,54,0,1
23,22,0,1
23,78,0,1
23,5,0,1
23,71,19,2
23,19,4,2
23,7,0,1
23,0,6,1
23,33,1,1
23,77,0,1
23,53,0,1
23,26,1,1
23,9,75,2
23,20,0,1
23,77,0,1
23,14,0,1
23,40,0,1
23,29,4,1
23,71,1,2
23,22,0,1
23,81,0,2
23,58,0,1
23,55,0,1
23,57,0,1
23,14,0,1
23,40,1,2
23,62,0,1
23,34,1,1
23,22,76,3
23,72,28,4
23,29,41,9
23,50,0,1
23,5,0,1
22,13,57,5
22,65,0,1
22,28,0,1
22,51,7,5
22,25,0,1
22,35,0,1
22,34,52,2
22,15,0,1
22,65,0,1
22,63,16,3
22,15,14,3
22,72,0,1
22,30,0,1
22,61,0,1
22,79,0,1
22,63,10,1
22,69,0,1
22,48,0,1
22,69,0,1
22,56,5,3
22,14,0,1
22,20,0,2
22,36,56,3
22,58,0,1
22,76,0,1
22,20,0,1
22,0,28,2
22,40,14,2
22,35,4,2
22,83,0,1
22,55,3,4
22,28,0,1
22,6,3,2
22,23,0,1
22,79,0,1
22,12,0,1
22,39,0,1
22,36,1,2
22,51,0,1
22,25,0,1
22,70,0,1
22,36,0,1
22,70,15,2
22,55,0,1
22,32,0,1
22,6,9,4
22,78,6,2
22,39,0,1
22,58,0,1
22,21,65,4
22,43,0,1
22,40,0,1
22,48,0,1
22,63,27,3
22,71,0,1
22,75,1,2
22,28,0,1
22,23,0,1
22,8,19,2
22,56,6,3
22,7,0,1
22,6,43,5
22,22,0,1
22,40,0,1
22,33,2,2
22,7,34,3
22,40,11,4
22,14,4,2
22,13,0,1
22,42,0,1
22,12,0,1
22,9,20,3
22,37,6,1
22,11,0,1
22,19,3,2
22,70,0,1
22,8,0,1
22,44,54,2
22,28,6,4
22,60,0,1
21,1,11,3
21,48,29,2
21,77,0,2
21,16,0,1
21,28,70,6
21,22,0,1
21,70,0,1
21,21,0,1
21,64,0,2
21,24,0,1
21,61,0,1
21,37,0,1
21,49,0,1
21,13,1,2
21,65,31,5
21,26,0,1
21,49,0,1
21,73,3,3
21,1,29,3
21,55,13,4
21,38,0,1
21,57,0,1
21,43,0,1
21,40,0,1
21,35,4,2
21,0,16,3
21,36,6,3
21,67,0,1
21,35,28,2
21,49,0,1
21,76,0,1
21,17,37,2
21,37,39,2
21,21,0,1
21,70,0,1
21,48,9,2
21,65,0,1
21,49,0,1
21,60,0,1
21,29,55,2
21,65,0,1
21,63,0,1
21,37,0,1
21,63,0,1
21,12,44,3
21,23,0,1
21,62,5,2
21,37,0,1
21,75,0,1
21,69,0,1
21,43,0,1
21,5,3,2
21,0,28,3
21,72,0,2
21,34,62,2
21,0,93,1
21,54,0,1
21,16,13,3
21,48,34,4
21,83,0,1
21,30,0,1
21,57,0,1
21,35,1,2
21,36,0,2
21,70,0,1
21,41,0,2
21,27,0,1
21,75,25,1
21,6,0,1
21,82,0,1
21,13,0,1
21,6,16,3
21,11,0,1
20,29,0,1
20,20,0,1
20,30,0,1
20,83,0,1
20,34,0,1
20,8,2,2
20,58,14,3
20,19,21,4
20,83,0,1
20,68,0,1
20,33,18,2
20,29,0,1
20,13,0,1
20,51,20,2
20,52,17,3
20,8,0,1
20,37,0,1
20,34,2,2
20,57,0,1
20,55,0,1
20,77,0,1
20,13,0,1
20,67,14,3
20,37,10,2
20,1,60,2
20,79,0,1
20,72,0,1
20,11,8,1
20,56,0,1
20,83,0,1
20,30,0,2
20,51,0,1
20,23,0,1
20,21,12,2
20,33,0,1
20,72,0,1
20,0,69,4
20,76,0,1
20,27,0,1
20,19,0,1
20,71,0,1
20,5,18,4
20,2,28,1
20,0,5,1
20,21,0,2
20,72,0,1
20,70,8,3
20,2,7,4
20,35,0,1
20,63,0,1
20,57,10,2
20,61,14,2
20,25,14,2
20,55,0,1
20,28,8,4
20,58,0,1
20,77,0,1
20,57,0,1
20,61,1,2
20,8,0,1
20,54,0,1
20,57,0,1
20,68,0,1
20,22,0,1
20,33,30,9
20,58,0,1
20,56,0,1
20,6,49,3
20,56,1,2
20,74,0,1
20,57,6,3
20,28,0,1
20,2,4,1
20,63,0,1
20,14,0,1
20,1,55,1
20,42,0,1
19,18,38,6
19,25,0,1
19,28,0,1
19,20,9,3
19,79,14,3
19,70,8,3
19,37,40,2
19,44,0,1
19,65,0,1
19,9,63,5
19,38,11,1
19,29,0,1
19,47,0,1
19,53,0,1
19,21,13,3
19,7,0,1
19,17,21,2
19,82,0,1
19,27,0,1
19,42,0,1
19,37,0,1
19,45,1,2
19,4,2,3
19,52,0,1
19,15,0,1
19,7,0,1
19,1,40,4
19,28,35,3
19,72,0,1
19,7,2,2
19,69,0,1
19,63,0,1
19,14,0,1
19,61,1,2
19,30,0,1
19,78,0,1
19,56,1,1
19,83,0,1
19,76,0,1
19,36,0,1
19,60,0,1
19,55,34,4
19,63,14,2
19,30,22,4
19,55,0,1
19,81,0,1
19,41,0,1
19,4,32,1
19,15,20,1
19,48,22,4
19,43,0,1
19,40,6,3
19,43,0,1
19,69,0,1
19,35,0,1
19,67,0,1
19,79,0,1
19,1,12,2
19,35,0,1
19,75,0,1
19,21,13,3
19,72,0,1
19,35,0,1
19,33,0,2
19,72,0,1
19,8,0,1
19,26,0,1
19,20,0,1
19,7,0,2
19,49,0,1
19,15,0,1
19,63,27,3
19,28,0,1
19,10,15,3
19,64,12,1
19,47,0,1
19,8,82,2
19,33,0,2
19,66,0,1
19,13,17,1
19,69,0,1
19,82,0,1
19,67,0,1
19,15,0,1
19,23,4,3
19,37,0,1
19,0,71,1
18,58,0,1
18,38,0,1
18,14,65,2
18,42,0,1
18,71,0,1
18,21,48,2
18,20,58,2
18,36,0,1
18,48,30,3
18,12,0,1
18,19,0,1
18,7,0,1
18,42,0,1
18,12,0,1
18,48,8,3
18,35,5,1
18,29,0,1
18,38,0,1
18,40,0,1
18,12,0,1
18,2,2,1
18,57,14,4
18,37,41,6
18,54,0,1
18,42,4,3
18,15,0,1
18,12,0,1
18,65,0,1
18,7,47,4
18,42,0,1
18,61,0,1
18,43,0,1
18,42,0,1
18,77,0,1
18,2,24,1
18,32,0,1
18,50,0,1
18,35,6,2
18,43,14,3
18,28,4,2
18,8,0,1
18,37,0,1
18,76,0,1
18,71,0,1
18,44,1,2
18,33,0,1
18,65,0,1
18,13,7,3
18,36,1,2
18,56,0,1
18,31,33,2
18,66,0,1
18,13,3,3
18,68,29,2
18,59,1,2
18,40,0,1
18,69,7,2
18,18,0,1
18,63,0,1
18,17,0,1
18,27,65,2
18,6,8,1
18,56,0,1
18,15,0,1
18,40,0,1
18,67,0,1
18,22,0,1
18,48,0,1
18,26,0,1
18,54,0,2
18,45,0,1
18,36,0,1
18,32,0,1
18,6,0,1
18,23,0,1
18,9,0,1
18,22,0,1
18,29,40,2
18,2,55,2
18,28,0,1
18,62,2,2
18,12,0,1
18,35,1,2
18,15,0,1
18,15,0,1
18,54,0,1
18,63,0,1
18,30,0,1
18,9,0,1
18,40,0,1
18,13,0,1
18,43,0,1
18,76,0,1
18,81,0,1
18,9,33,4
18,6,0,1
18,33,0,1
18,61,10,2
18,21,0,1
18,51,5,3
18,19,4,1
18,54,20,2
18,56,0,2
17,77,8,4
17,22,0,1
17,62,0,1
17,8,0,1
17,8,15,2
17,50,0,1
17,70,0,1
17,68,0,1
17,56,7,4
17,64,0,1
17,27,0,1
17,6,59,4
17,61,0,1
17,79,0,1
17,69,0,1
17,26,0,1
17,29,0,1
17,6,0,2
17,48,0,1
17,53,0,1
17,35,0,1
17,66,0,1
17,64,0,1
17,32,0,1
17,23,4,2
17,16,3,2
17,81,0,1
17,65,7,2
17,52,0,1
17,73,0,1
17,19,0,1
17,27,0,1
17,19,0,1
17,41,3,1
17,70,19,4
17,64,0,1
17,65,0,1
17,78,0,1
17,8,19,2
17,38,0,1
17,23,4,3
17,24,0,1
17,73,13,1
17,41,0,1
17,6,0,1
17,64,0,1
17,13,0,1
17,63,7,3
17,75,0,1
17,34,9,3
17,34,0,1
17,20,0,1
17,67,1,2
17,13,54,6
17,22,0,1
17,58,42,2
17,33,0,1
17,44,0,1
17,22,0,1
17,39,0,1
17,75,0,1
17,47,0,1
17,16,0,1
17,27,0,1
17,26,0,2
17,23,0,1
17,23,7,3
17,11,0,1
17,13,0,1
17,42,55,6
17,55,0,1
17,6,0,1
17,19,81,3
17,68,0,1
17,5,0,1
17,56,8,1
17,11,0,1
17,35,0,1
17,8,0,1
17,7,0,1
17,8,0,1
17,79,0,1
17,26,0,2
17,82,0,1
17,23,0,1
17,23,0,1
17,14,7,1
17,58,19,2
17,33,8,2
17,15,1,2
17,12,0,1
17,27,1,2
17,59,0,2
17,29,58,3
17,37,0,1
17,40,0,1
17,9,23,2
17,6,0,1
17,26,0,1
17,35,40,2
16,4,12,2
16,9,10,2
16,26,0,1
16,39,0,1
16,35,0,1
16,52,0,1
16,51,0,1
16,61,3,2
16,36,0,1
16,73,0,1
16,7,0,1
16,28,54,4
16,62,2,2
16,57,0,1
16,37,0,1
16,36,0,1
16,54,18,1
16,22,0,1
16,22,0,1
16,36,0,1
16,33,0,1
16,68,0,1
16,63,0,2
16,71,1,2
16,77,0,1
16,1,7,1
16,20,0,1
16,36,0,1
16,56,0,1
16,62,3,2
16,47,3,2
16,52,0,1
16,34,0,1
16,20,14,2
16,56,0,1
16,62,3,3
16,40,0,1
16,18,0,1
16,51,0,1
16,66,1,2
16,71,0,1
16,39,0,1
16,14,0,1
16,5,0,1
16,12,35,2
16,75,8,2
16,15,42,2
16,50,4,2
16,72,0,1
16,5,0,1
16,71,0,1
16,20,0,1
16,22,0,1
16,68,0,2
16,19,0,1
16,74,0,1
16,0,53,5
16,82,0,1
16,55,6,1
16,57,0,1
16,82,0,1
16,78,0,1
16,34,0,1
16,51,0,1
16,29,11,5
16,36,0,1
16,31,51,2
16,68,0,2
16,58,0,1
16,66,0,1
16,34,51,3
16,83,0,1
16,8,0,1
16,1,26,4
16,26,0,1
16,64,0,1
16,58,2,2
16,74,0,1
16,35,0,1
16,43,35,3
16,68,0,1
16,32,1,3
16,54,0,1
16,9,0,1
16,10,0,1
16,7,0,1
16,75,0,1
16,79,0,1
16,23,0,1
16,42,0,1
16,9,0,1
16,15,0,1
16,82,2,2
16,22,0,1
16,33,0,1
16,64,0,1
16,9,7,2
16,43,57,2
16,30,61,2
16,69,0,1
16,43,0,1
16,44,0,1
16,42,16,2
16,42,0,1
16,6,0,1
16,13,0,1
16,57,0,1
16,62,0,1
16,15,5,2
16,50,0,1
16,41,0,1
16,41,0,1
16,8,45,4
16,76,7,2
16,19,0,1
16,2,6,1
16,35,0,1
16,79,0,1
16,23,0,2
16,19,16,3
16,42,0,1
16,79,0,1
15,50,0,1
15,68,0,1
15,49,0,1
15,33,6,2
15,79,0,1
15,34,1,2
15,42,0,1
15,48,0,1
15,6,0,1
15,41,0,1
15,38,0,1
15,28,0,1
15,56,0,1
15,35,0,1
15,5,0,1
15,70,0,1
15,48,20,1
15,71,0,1
15,69,0,1
15,14,1,2
15,19,2,1
15,27,0,1
15,35,0,1
15,5,0,1
15,41,0,1
15,26,4,2
15,21,0,1
15,13,23,4
15,28,0,1
15,68,0,1
15,29,0,1
15,67,0,1
15,28,0,1
15,60,0,1
15,58,0,1
15,47,0,1
15,82,3,2
15,30,3,2
15,26,10,2
15,33,0,1
15,41,27,3
15,26,0,1
15,16,0,1
15,15,41,2
15,51,39,3
15,23,0,1
15,58,0,1
15,82,0,1
15,63,14,3
15,65,3,2
15,44,0,1
15,27,1,1
15,79,0,1
15,23,0,1
15,35,0,1
15,33,0,1
15,49,0,1
15,54,21,2
15,64,0,1
15,47,0,1
15,30,38,2
15,26,0,1
15,56,1,1
15,77,0,1
15,6,0,1
15,5,0,1
15,70,1,2
15,74,0,1
15,27,0,1
15,6,0,1
15,14,0,1
15,82,0,1
15,80,0,1
15,41,0,1
15,9,0,1
15,22,4,3
15,69,0,1
15,62,6,4
15,29,3,2
15,30,0,1
15,37,11,2
15,68,0,1
15,47,0,1
15,57,0,1
15,38,0,1
15,28,28,2
15,43,0,1
15,29,0,1
15,30,0,1
15,68,10,2
15,50,1,2
15,7,0,1
15,47,0,1
15,77,0,1
15,3,0,1
15,9,0,1
15,1,53,5
15,58,0,1
15,77,0,1
15,56,0,1
15,62,0,1
15,42,1,2
15,62,0,1
15,23,0,1
15,22,0,1
15,26,0,1
15,5,0,1
15,78,0,1
15,53,0,1
15,37,35,1
15,42,0,2
15,59,0,1
15,44,0,1
15,4,0,1
15,56,28,4
15,24,0,1
15,52,12,1
15,14,0,1
15,23,11,2
15,22,0,1
15,33,8,2
15,34,0,1
15,28,0,1
15,23,6,1
15,79,0,1
15,56,0,1
15,9,76,4
15,57,0,1
15,63,0,1
15,18,0,2
15,22,0,1
15,22,20,2
15,43,1,1
15,5,65,2
15,63,0,1
15,7,0,1
15,22,0,1
15,30,0,1
15,63,0,1
15,23,0,1
14,57,0,1
14,27,0,1
14,36,0,1
14,83,0,1
14,59,0,1
14,71,0,1
14,22,0,1
14,72,0,1
14,48,0,1
14,43,0,1
14,35,0,1
14,6,0,1
14,46,0,1
14,65,0,1
14,11,0,1
14,0,8,1
14,68,0,1
14,58,0,1
14,20,0,1
14,29,14,3
14,55,23,3
14,23,0,1
14,48,0,1
14,76,0,1
14,64,0,1
14,48,0,1
14,42,42,2
14,13,22,2
14,15,0,1
14,5,70,2
14,2,13,4
14,35,0,1
14,31,0,1
14,72,2,2
14,42,0,1
14,28,0,1
14,56,0,1
14,79,0,1
14,21,0,1
14,56,0,1
14,72,0,2
14,78,0,1
14,37,0,1
14,9,0,1
14,77,0,1
14,28,0,1
14,61,0,1
14,30,0,1
14,9,2,2
14,14,0,1
14,20,0,1
14,29,1,2
14,55,0,1
14,48,0,1
14,42,0,1
14,34,0,1
14,8,68,6
14,5,0,2
14,57,0,1
14,21,0,1
14,30,0,1
14,34,0,1
14,12,5,3
14,44,0,1
14,80,0,1
14,65,0,1
14,22,0,1
14,61,0,1
14,76,0,1
14,28,0,1
14,31,0,1
14,7,14,5
14,66,0,1
14,55,0,1
14,14,0,1
14,76,3,2
14,37,0,1
14,23,0,1
14,74,0,1
14,7,0,1
14,71,0,1
14,49,0,1
14,14,50,4
14,33,0,1
14,36,41,2
14,14,0,1
14,78,0,1
14,14,5,3
14,73,0,1
14,76,0,1
14,56,0,1
14,76,0,1
14,70,2,3
14,77,2,3
14,26,1,2
14,71,0,1
14,21,0,1
14,53,0,1
14,23,0,1
14,15,0,1
14,64,0,1
14,13,0,1
14,37,0,1
14,18,5,1
14,29,0,1
14,20,6,2
14,73,0,1
14,34,0,1
14,45,0,1
14,51,6,3
14,61,0,1
14,70,0,1
14,50,0,1
14,22,0,1
14,76,5,1
14,20,0,1
14,33,0,1
14,61,1,2
14,36,41,4
14,49,0,1
14,24,0,1
14,36,0,1
14,49,0,1
14,71,0,1
14,82,1,2
14,32,0,1
14,63,13,3
14,17,0,1
14,35,0,1
14,5,0,1
14,78,0,1
14,77,12,2
14,83,0,1
14,29,34,4
14,19,0,1
14,15,0,1
14,15,29,2
14,63,0,1
14,71,0,1
13,73,0,1
13,27,0,1
13,29,2,1
13,9,0,1
13,51,0,1
13,10,0,1
13,76,0,1
13,48,0,1
13,77,0,1
13,36,0,1
13,26,3,3
13,71,0,1
13,82,0,2
13,20,0,1
13,26,1,2
13,30,0,2
13,47,0,1
13,51,0,1
13,3,0,1
13,44,0,1
13,57,0,1
13,42,13,3
13,60,0,1
13,23,0,1
13,70,0,1
13,59,0,1
13,56,0,1
13,29,24,3
13,63,0,1
13,55,0,1
13,36,0,1
13,15,55,3
13,5,0,1
13,51,0,1
13,37,0,1
13,79,0,1
13,50,0,1
13,6,2,2
13,9,0,1
13,40,8,3
13,75,0,1
13,49,33,2
13,82,0,1
13,26,43,1
13,36,0,1
13,43,0,1
13,47,0,1
13,9,0,1
13,57,0,1
13,7,0,1
13,37,3,2
13,15,0,1
13,2,5,1
13,7,0,1
13,12,0,1
13,27,0,1
13,21,0,1
13,33,0,1
13,27,0,1
13,84,0,1
13,78,0,1
13,43,0,1
13,6,0,1
13,16,0,1
13,70,0,1
13,29,0,1
13,44,0,1
13,15,4,2
13,21,0,1
13,25,0,1
13,14,0,2
13,37,0,1
13,51,0,1
13,48,0,1
13,57,0,1
13,36,0,1
13,61,0,1
13,28,0,1
13,51,0,1
13,34,0,1
13,42,0,1
13,45,0,1
13,20,43,2
13,13,48,2
13,15,0,1
13,61,29,3
13,28,0,1
13,31,0,1
13,21,0,2
13,58,0,1
13,57,0,2
13,46,2,2
13,47,0,1
13,14,0,1
13,54,0,1
13,21,0,1
13,28,0,1
13,33,0,1
13,22,0,1
13,79,0,1
13,54,14,2
13,23,0,1
13,1,33,1
13,67,8,2
13,6,0,1
13,78,0,1
13,58,0,1
13,67,0,1
13,43,0,1
13,73,24,3
13,19,0,1
13,69,0,1
13,9,0,1
13,48,0,1
13,28,1,2
13,49,2,1
13,65,0,1
13,65,0,1
13,30,0,1
13,75,1,2
13,59,0,1
13,0,28,2
13,54,0,1
13,6,0,1
13,6,0,1
13,8,0,2
13,48,0,1
13,20,0,1
13,31,0,1
13,65,0,1
13,30,1,1
13,33,0,1
13,6,0,1
13,28,0,1
13,83,0,1
13,53,0,1
12,58,5,2
12,21,0,1
12,50,0,1
12,13,0,1
12,36,0,1
12,33,1,2
12,64,0,2
12,0,62,1
12,34,30,3
12,20,7,1
12,7,0,1
12,50,21,2
12,22,0,1
12,76,0,1
12,71,0,1
12,55,0,1
12,24,0,1
12,7,62,5
12,21,0,1
12,2,11,3
12,63,0,1
12,5,0,1
12,37,0,1
12,33,2,2
12,34,0,1
12,7,0,1
12,78,0,1
12,7,0,1
12,44,1,2
12,80,0,1
12,22,0,1
12,33,3,2
12,61,0,1
12,52,0,1
12,75,0,1
12,76,0,1
12,23,5,3
12,9,3,2
12,64,0,1
12,35,0,1
12,33,0,1
12,35,0,1
12,8,0,1
12,65,0,1
12,29,0,1
12,9,0,1
12,9,0,1
12,41,0,1
12,16,40,2
12,26,0,1
12,60,0,1
12,83,0,1
12,62,0,2
12,21,0,1
12,75,0,1
12,79,0,1
12,48,7,3
12,9,0,1
12,63,0,2
12,20,0,1
12,69,0,1
12,19,4,3
12,5,0,1
12,65,0,1
12,48,0,1
12,28,0,1
12,54,0,1
12,55,0,1
12,79,2,2
12,72,0,2
12,41,0,1
12,33,0,1
12,77,0,1
12,55,0,2
12,2,57,1
12,44,0,1
12,9,0,1
12,70,1,2
12,81,0,1
12,75,6,3
12,71,0,1
12,83,0,1
12,68,0,1
12,54,0,1
12,18,0,1
12,83,0,1
12,71,0,1
12,36,0,1
12,7,0,1
12,20,0,1
12,78,0,1
12,31,0,1
12,41,2,2
12,54,5,2
12,46,0,1
12,55,20,1
12,16,2,2
12,34,0,1
12,57,0,1
12,50,42,2
12,73,0,1
12,30,0,1
12,13,0,1
12,28,0,1
12,71,0,1
12,31,0,1
12,43,0,1
12,68,0,1
12,77,0,1
12,72,0,1
12,16,0,1
12,31,0,1
12,76,0,1
12,27,0,1
12,76,0,1
12,35,0,1
12,62,0,1
12,56,0,1
12,25,0,1
12,41,0,1
12,49,0,1
12,50,0,1
12,22,0,1
12,48,16,2
12,31,0,1
12,5,0,1
12,58,0,1
12,8,5,2
12,26,59,3
12,58,0,1
12,5,0,1
12,42,0,1
12,24,1,2
12,11,65,2
12,75,0,1
12,82,10,2
12,22,0,1
12,51,0,1
12,51,0,1
12,71,0,1
12,11,0,1
12,27,0,1
12,47,0,1
12,42,0,1
12,14,0,1
12,76,0,1
12,54,0,1
12,40,10,1
12,5,6,3
12,59,0,1
12,7,0,1
12,34,0,1
12,9,13,2
12,29,0,1
12,23,0,1
12,50,0,1
12,24,0,1
12,6,0,1
12,34,41,2
12,44,0,1
12,43,0,1
12,50,4,3
12,65,12,2
12,22,5,1
12,6,0,1
12,66,0,1
12,12,18,3
12,27,0,1
12,42,0,1
12,33,0,1
12,37,0,1
12,12,0,1
12,59,0,1
12,38,0,2
12,3,0,1
12,10,0,1
12,20,0,1
12,76,0,1
12,71,0,1
12,75,0,1
11,72,0,1
11,68,4,2
11,37,0,1
11,72,0,1
11,24,48,2
11,27,0,1
11,61,0,1
11,58,0,1
11,14,65,2
11,37,0,1
11,46,0,1
11,82,0,1
11,34,1,2
11,47,0,1
11,28,0,1
11,41,2,2
11,64,0,1
11,50,1,2
11,55,0,1
11,52,0,1
11,27,0,1
11,9,0,1
11,71,0,1
11,22,0,1
11,48,3,2
11,59,0,1
11,54,0,1
11,68,0,1
11,41,0,1
11,4,0,1
11,78,0,1
11,50,0,1
11,22,0,1
11,71,0,1
11,23,0,1
11,75,0,1
11,37,0,1
11,54,0,1
11,79,0,1
11,64,0,2
11,23,0,1
11,41,0,1
11,69,0,1
11,35,0,1
11,80,0,1
11,23,0,1
11,27,36,3
11,23,0,1
11,66,0,1
11,50,0,1
11,28,0,1
11,12,2,1
11,33,0,1
11,82,0,1
11,79,0,1
11,8,0,1
11,76,0,1
11,41,0,1
11,49,20,1
11,41,55,2
11,0,34,2
11,19,7,3
11,70,0,1
11,42,0,1
11,12,0,1
11,48,0,1
11,49,0,1
11,35,0,1
11,4,0,1
11,7,1,2
11,7,0,1
11,72,7,2
11,6,0,1
11,41,0,1
11,79,3,1
11,7,0,1
11,72,0,1
11,49,0,1
11,14,0,1
11,14,0,1
11,20,0,1
11,30,0,1
11,56,0,2
11,39,0,1
11,20,0,2
11,58,0,2
11,33,0,1
11,50,1,2
11,14,0,1
11,13,0,1
11,73,0,1
11,28,0,1
11,26,0,1
11,37,0,1
11,51,0,1
11,75,0,1
11,80,1,3
11,81,0,1
11,15,0,1
11,58,0,1
11,11,0,1
11,48,19,2
11,55,28,2
11,58,0,1
11,55,0,1
11,72,0,1
11,77,0,1
11,46,0,1
11,24,0,1
11,45,0,1
11,23,0,1
11,7,0,1
11,20,0,1
11,35,0,1
11,50,0,1
11,71,0,1
11,41,0,1
11,47,0,1
11,5,0,1
11,19,37,2
11,69,0,1
11,78,0,1
11,28,0,1
11,72,0,1
11,5,0,1
11,7,0,1
11,44,0,1
11,6,0,1
11,26,0,1
11,73,0,2
11,42,8,3
11,58,0,1
11,29,0,1
11,64,0,1
11,79,6,2
11,36,0,2
11,28,1,3
11,72,4,2
11,72,0,1
11,20,0,1
11,61,0,1
11,54,10,3
11,50,22,1
11,61,4,3
11,6,0,1
11,8,0,1
11,34,0,1
11,29,0,1
11,56,0,1
11,38,0,1
11,16,0,1
11,1,4,2
11,22,0,1
11,26,0,1
11,69,3,1
11,56,0,1
11,3,0,1
11,9,6,2
11,33,0,1
11,77,0,1
11,14,0,1
11,73,0,1
11,16,0,1
11,23,6,2
11,20,0,1
11,53,46,2
11,72,0,1
11,56,0,1
11,48,0,2
11,21,9,3
11,19,0,1
11,55,3,2
11,41,0,1
11,42,0,1
11,43,0,1
11,78,0,1
11,28,0,1
11,30,4,3
11,6,0,1
10,9,0,1
10,27,29,2
10,63,0,1
10,50,0,1
10,68,0,1
10,53,0,1
10,23,0,1
10,61,0,1
10,26,0,1
10,68,0,1
10,62,0,1
10,79,0,1
10,16,0,1
10,82,1,2
10,57,0,1
10,49,0,1
10,82,0,1
10,78,1,2
10,5,1,2
10,5,1,2
10,19,0,1
10,27,0,1
10,49,13,1
10,58,0,1
10,79,0,1
10,8,0,1
10,14,9,2
10,36,0,1
10,42,12,2
10,43,0,1
10,26,29,2
10,35,0,1
10,73,0,1
10,47,3,2
10,21,0,1
10,26,0,1
10,27,0,1
10,35,0,1
10,65,0,1
10,78,0,1
10,55,0,1
10,55,2,2
10,27,0,1
10,65,0,1
10,20,0,1
10,16,0,1
10,42,0,1
10,30,0,1
10,2,4,1
10,22,0,1
10,34,0,1
10,18,0,1
10,59,0,1
10,5,0,1
10,30,0,1
10,9,0,1
10,65,0,1
10,56,0,1
10,65,0,1
10,42,1,2
10,80,0,1
10,36,0,1
10,72,0,1
10,9,0,1
10,12,0,1
10,71,1,2
10,19,0,1
10,47,0,1
10,68,0,1
10,27,0,1
10,12,0,1
10,41,0,1
10,19,0,1
10,6,61,2
10,68,0,1
10,58,0,1
10,69,0,1
10,29,0,1
10,69,0,1
10,81,1,2
10,57,0,1
10,71,0,1
10,77,0,1
10,35,0,1
10,65,0,1
10,77,0,1
10,23,0,1
10,48,0,1
10,56,13,2
10,28,0,1
10,4,0,1
10,27,0,1
10,71,0,1
10,76,0,1
10,36,0,1
10,8,0,1
10,41,0,1
10,63,0,1
10,56,0,1
10,12,0,1
10,48,0,1
10,37,0,1
10,21,0,1
10,12,1,2
10,51,11,2
10,0,3,1
10,21,0,1
10,78,0,1
10,76,0,1
10,9,0,1
10,23,0,1
10,35,0,1
10,62,0,1
10,9,0,1
10,34,3,1
10,28,0,1
10,7,0,1
10,21,0,1
10,57,0,1
10,55,0,1
10,43,0,1
10,5,0,1
10,26,0,1
10,13,0,1
10,40,0,1
10,5,0,1
10,5,0,1
10,57,0,1
10,36,0,1
10,72,4,2
10,40,0,1
10,6,0,1
10,39,0,1
10,61,0,1
10,64,0,1
10,44,0,1
10,1,20,1
10,29,0,1
10,46,29,2
10,28,0,1
10,7,0,1
10,6,0,1
10,42,0,1
10,69,0,1
10,8,70,2
10,30,10,2
10,51,0,1
10,54,0,1
10,33,0,1
10,27,0,1
10,50,0,1
10,35,0,1
10,72,0,1
10,14,0,1
10,76,2,2
10,19,0,1
10,10,0,1
10,9,0,1
10,5,0,1
10,72,0,1
10,26,0,1
10,63,0,1
10,65,0,1
10,58,0,1
10,15,0,1
10,19,0,1
10,30,0,1
10,78,0,1
10,3,11,1
10,66,0,1
10,30,0,1
10,36,0,1
10,71,20,2
10,36,20,2
10,79,0,1
10,30,0,1
10,3,0,1
10,44,0,1
10,33,0,1
10,64,0,1
10,49,0,1
10,55,0,1
10,69,0,1
10,79,0,1
10,35,0,1
10,68,0,1
10,57,0,1
10,36,0,1
10,80,0,1
10,14,0,1
10,65,0,1
10,8,0,1
10,28,0,1
10,9,0,1
9,32,0,1
9,53,0,1
9,22,0,1
9,25,0,1
9,30,0,1
9,51,0,1
9,58,0,1
9,80,0,1
9,8,27,4
9,26,0,1
9,73,10,2
9,59,0,1
9,44,0,1
9,19,0,1
9,79,0,1
9,29,0,1
9,43,0,1
9,61,7,3
9,41,0,1
9,79,0,1
9,15,0,1
9,46,0,1
9,40,0,1
9,70,0,1
9,41,0,1
9,51,2,2
9,33,0,1
9,51,0,2
9,30,0,1
9,49,0,1
9,75,0,1
9,32,0,1
9,58,0,1
9,36,0,1
9,80,0,1
9,43,0,1
9,12,44,3
9,67,0,1
9,16,0,1
9,22,0,1
9,68,0,1
9,14,0,1
9,12,0,1
9,41,3,2
9,25,24,3
9,20,0,1
9,72,0,1
9,22,0,1
9,80,0,1
9,64,18,2
9,21,0,1
9,74,0,1
9,69,0,2
9,5,0,1
9,42,0,1
9,19,0,1
9,76,0,1
9,70,0,1
9,12,17,2
9,83,0,1
9,58,0,1
9,82,0,1
9,34,0,1
9,55,0,1
9,23,0,1
9,17,0,1
9,68,0,1
9,33,0,1
9,69,0,1
9,44,11,2
9,51,0,1
9,21,0,1
9,22,0,1
9,70,0,1
9,33,0,1
9,82,2,2
9,15,0,1
9,21,0,1
9,7,68,2
9,29,0,1
9,8,11,1
9,78,0,1
9,19,0,1
9,55,1,2
9,20,0,1
9,14,0,1
9,63,0,1
9,58,0,1
9,63,0,1
9,31,0,1
9,5,0,1
9,14,0,1
9,46,0,1
9,57,0,1
9,36,0,1
9,22,0,1
9,36,0,1
9,56,0,1
9,5,0,1
9,29,0,1
9,56,0,1
9,14,0,1
9,39,0,1
9,47,0,1
9,72,0,1
9,14,0,1
9,72,0,1
9,41,0,1
9,69,0,1
9,20,0,1
9,9,0,1
9,22,6,3
9,23,0,1
9,22,0,1
9,26,0,1
9,13,0,1
9,30,0,1
9,41,2,2
9,83,0,1
9,70,0,1
9,14,0,1
9,63,0,1
9,60,0,1
9,72,0,1
9,69,0,1
9,35,7,4
9,20,2,2
9,49,7,2
9,70,0,1
9,74,0,1
9,50,0,1
9,13,0,1
9,46,0,1
9,50,0,1
9,53,0,1
9,33,0,1
9,20,12,2
9,51,32,1
9,4,0,1
9,64,0,1
9,69,0,1
9,29,0,1
9,19,1,2
9,21,0,1
9,33,0,1
9,78,0,1
9,33,0,1
9,64,0,1
9,68,0,1
9,34,0,1
9,13,1,2
9,16,0,1
9,36,0,1
9,14,0,1
9,15,0,1
9,51,3,2
9,39,0,1
9,82,0,1
9,23,0,1
9,50,0,1
9,58,0,1
9,49,0,1
9,82,0,1
9,6,0,1
9,82,0,1
9,64,0,1
9,29,0,1
9,69,0,1
9,8,0,1
9,50,0,1
9,33,2,2
9,1,14,2
9,41,0,1
9,70,0,1
9,14,0,1
9,44,0,1
9,82,0,1
9,22,0,1
9,2,3,1
9,63,0,1
9,50,0,1
9,48,3,2
9,46,0,1
9,1,6,2
9,32,0,1
9,29,0,1
9,7,65,2
9,21,0,1
9,8,0,1
9,3,0,1
9,71,1,2
9,64,0,1
9,5,0,1
9,77,0,1
9,61,0,1
9,36,0,1
9,62,0,1
9,6,0,1
9,14,0,1
9,71,0,1
9,17,0,1
9,36,0,1
9,19,0,1
9,82,0,1
9,71,7,4
9,78,0,1
9,35,0,1
9,68,0,1
9,52,0,1
9,58,0,1
9,16,0,1
9,36,4,2
9,15,0,2
9,49,0,1
9,75,0,1
9,63,0,1
9,77,0,1
9,54,1,2
9,5,0,1
9,35,0,1
9,28,50,2
9,49,0,1
9,19,0,1
9,41,0,1
9,57,0,1
9,51,27,2
9,78,0,1
9,26,0,1
9,57,0,1
9,41,0,1
9,8,0,1
9,37,0,1
9,45,0,1
9,21,0,1
9,6,0,1
9,68,8,2
9,72,0,1
9,78,0,1
9,74,0,1
9,78,0,2
9,48,5,2
9,64,0,1
9,26,0,1
9,59,2,2
9,49,0,1
9,6,0,1
9,35,0,1
9,40,0,1
9,70,0,1
9,77,0,1
9,15,0,1
9,6,0,1
9,77,0,1
9,36,0,1
9,6,0,1
9,37,41,1
9,72,0,1
9,49,0,1
9,29,0,1
9,9,0,1
9,66,0,1
9,35,3,2
9,40,0,1
9,75,0,1
9,14,0,1
9,73,0,1
8,23,0,1
8,9,5,3
8,30,4,1
8,74,0,1
8,29,0,1
8,8,0,1
8,64,0,1
8,5,0,1
8,29,1,1
8,49,0,1
8,8,1,1
8,12,16,5
8,29,0,2
8,21,0,1
8,79,0,1
8,70,0,1
8,15,0,1
8,39,0,1
8,65,0,1
8,78,0,1
8,16,0,1
8,41,0,1
8,65,0,1
8,8,0,1
8,83,0,1
8,5,0,1
8,48,0,1
8,72,0,1
8,13,0,1
8,23,47,2
8,70,20,3
8,20,1,1
8,44,26,2
8,73,0,1
8,82,0,1
8,27,0,1
8,42,0,2
8,70,0,1
8,8,0,1
8,75,0,1
8,82,0,2
8,58,4,2
8,5,0,1
8,60,0,2
8,11,0,1
8,42,0,1
8,72,0,1
8,36,0,1
8,56,0,1
8,44,0,1
8,40,0,1
8,22,0,1
8,40,0,1
8,76,0,1
8,36,0,1
8,23,0,1
8,28,0,1
8,57,1,2
8,57,0,1
8,64,5,1
8,21,0,1
8,6,0,1
8,55,0,1
8,21,0,1
8,29,0,1
8,74,0,1
8,51,0,1
8,36,0,1
8,22,0,1
8,36,0,1
8,68,1,1
8,55,0,1
8,2,5,1
8,77,0,1
8,11,0,1
8,7,84,2
8,21,0,1
8,55,0,1
8,47,0,1
8,68,0,1
8,23,0,1
8,26,0,1
8,35,0,1
8,50,0,1
8,6,0,1
8,6,0,1
8,75,20,1
8,16,0,1
8,14,0,1
8,8,1,1
8,36,0,1
8,1,53,2
8,67,0,1
8,52,2,1
8,50,0,1
8,13,0,1
8,43,17,2
8,48,0,1
8,26,47,3
8,38,0,1
8,10,0,1
8,10,0,1
8,83,0,1
8,69,0,1
8,23,0,1
8,30,0,1
8,64,0,1
8,28,0,1
8,82,1,2
8,77,0,1
8,23,0,1
8,23,0,1
8,12,0,1
8,30,0,1
8,58,0,1
8,35,0,1
8,65,0,1
8,2,11,1
8,12,0,1
8,21,0,1
8,23,0,1
8,56,0,1
8,36,0,1
8,14,1,2
8,29,0,1
8,35,0,1
8,64,0,1
8,77,0,1
8,29,0,1
8,41,0,2
8,61,0,1
8,69,0,1
8,16,0,1
8,31,0,1
8,40,0,1
8,76,0,1
8,12,0,1
8,45,0,1
8,28,0,1
8,12,0,1
8,79,0,1
8,30,0,1
8,21,0,1
8,20,0,1
8,36,21,3
8,78,0,1
8,22,0,1
8,19,10,2
8,27,0,1
8,79,0,1
8,28,0,1
8,42,0,1
8,22,0,1
8,50,0,1
8,40,0,1
8,22,0,1
8,43,0,1
8,58,0,1
8,4,1,2
8,76,0,1
8,37,0,1
8,20,0,1
8,82,0,1
8,29,0,1
8,62,0,1
8,43,0,1
8,43,42,2
8,40,10,1
8,44,16,4
8,76,0,1
8,68,0,1
8,21,0,1
8,76,0,1
8,37,0,1
8,83,0,1
8,28,0,1
8,23,0,1
8,9,0,1
8,58,5,2
8,43,0,1
8,12,0,1
8,62,0,1
8,71,0,1
8,29,0,1
8,83,1,1
8,36,0,1
8,43,1,2
8,36,0,1
8,54,18,2
8,23,0,1
8,9,0,1
8,82,2,2
8,57,0,1
8,19,0,1
8,42,0,1
8,41,1,1
8,47,0,1
8,22,0,1
8,37,0,1
8,83,0,1
8,71,4,2
8,22,0,1
8,70,0,1
8,2,6,1
8,83,0,1
8,76,16,2
8,35,0,1
8,46,0,1
8,26,27,2
8,56,0,2
8,27,0,1
8,15,0,1
8,40,0,1
8,30,0,1
8,64,0,1
8,64,0,1
8,8,0,1
8,47,0,1
8,4,22,2
8,60,0,1
8,83,0,1
8,19,0,1
8,27,0,1
8,22,0,1
8,62,0,1
8,22,0,1
8,28,0,1
8,48,0,2
8,34,0,1
8,75,0,1
8,51,0,1
8,50,0,1
8,64,14,2
8,79,0,1
8,9,0,1
8,81,0,1
8,1,78,1
8,57,2,2
8,40,0,1
8,51,0,1
8,68,0,1
8,76,4,2
8,70,0,1
8,18,0,1
8,65,0,1
8,30,0,1
8,39,0,1
8,33,0,1
8,23,0,1
8,37,0,1
8,7,0,1
8,5,0,1
8,55,8,4
8,6,0,1
8,43,0,1
8,27,0,1
8,68,0,1
7,56,0,1
7,37,0,1
7,16,0,1
7,11,0,1
7,3,0,1
7,28,0,1
7,82,0,1
7,48,0,1
7,79,0,1
7,66,0,1
7,37,0,2
7,72,0,1
7,21,0,1
7,55,0,1
7,61,0,1
7,47,0,1
7,43,0,1
7,33,0,1
7,77,0,1
7,30,0,1
7,35,0,1
7,33,0,1
7,6,0,1
7,47,0,1
7,65,1,2
7,38,0,1
7,64,0,1
7,44,0,1
7,58,7,2
7,58,0,1
7,22,0,1
7,27,0,1
7,58,0,1
7,51,3,1
7,63,0,1
7,22,0,1
7,30,0,1
7,27,0,1
7,61,0,1
7,69,11,2
7,46,0,1
7,75,0,1
7,35,0,1
7,34,0,1
7,5,0,1
7,44,0,1
7,40,0,1
7,72,0,1
7,22,0,1
7,63,0,1
7,81,0,1
7,53,0,1
7,55,0,1
7,42,0,1
7,64,0,1
7,9,0,1
7,35,0,1
7,76,0,1
7,54,0,1
7,38,0,1
7,40,0,1
7,78,0,1
7,62,0,1
7,77,0,1
7,7,0,1
7,9,0,1
7,76,0,1
7,58,0,1
7,4,0,1
7,45,0,1
7,35,0,1
7,22,0,1
7,21,0,1
7,82,0,1
7,15,85,2
7,52,0,1
7,11,0,1
7,13,0,1
7,23,0,1
7,29,0,1
7,72,0,1
7,65,11,2
7,19,0,1
7,63,0,1
7,28,0,1
7,32,0,1
7,49,0,1
7,58,0,1
7,37,0,1
7,27,0,1
7,42,0,1
7,32,0,1
7,8,0,1
7,68,0,1
7,26,0,1
7,19,14,1
7,43,0,1
7,5,0,1
7,15,0,1
7,24,0,1
7,12,0,1
7,17,0,1
7,34,0,1
7,70,0,1
7,49,0,1
7,33,0,1
7,34,0,1
7,23,15,2
7,0,19,2
7,18,0,1
7,34,0,1
7,54,0,1
7,12,0,1
7,49,0,2
7,22,0,1
7,36,0,1
7,40,0,2
7,55,0,1
7,53,0,1
7,70,9,1
7,57,0,1
7,45,0,1
7,26,0,1
7,12,0,1
7,72,6,1
7,23,0,1
7,35,0,1
7,70,0,1
7,60,0,1
7,54,0,1
7,15,0,1
7,13,0,1
7,16,0,1
7,14,28,2
7,40,0,1
7,44,0,1
7,47,0,1
7,21,0,2
7,71,0,1
7,13,0,1
7,14,2,2
7,73,0,1
7,29,0,1
7,1,6,2
7,54,12,1
7,13,0,1
7,34,0,1
7,40,0,1
7,50,0,1
7,79,0,1
7,82,0,1
7,40,0,1
7,16,0,1
7,69,2,1
7,6,66,3
7,42,0,1
7,80,0,1
7,39,0,1
7,70,0,1
7,24,0,1
7,62,0,1
7,35,0,1
7,30,0,1
7,28,0,1
7,47,0,1
7,40,0,1
7,20,0,1
7,51,0,1
7,47,0,1
7,9,0,1
7,63,0,1
7,22,0,1
7,70,0,1
7,9,0,1
7,68,0,1
7,40,0,1
7,77,0,1
7,43,0,1
7,62,0,1
7,35,0,1
7,76,0,1
7,0,22,1
7,25,0,1
7,71,1,2
7,34,0,1
7,27,0,1
7,48,0,1
7,57,0,1
7,63,0,1
7,76,0,1
7,14,20,2
7,60,0,1
7,34,0,1
7,31,0,1
7,42,2,1
7,22,0,1
7,9,3,3
7,56,2,2
7,9,0,1
7,49,0,1
7,81,0,1
7,78,14,2
7,70,0,1
7,71,0,1
7,13,0,1
7,65,0,1
7,35,0,1
7,37,0,1
7,30,0,1
7,36,0,1
7,70,0,2
7,43,0,1
7,55,0,1
7,67,0,1
7,16,0,1
7,42,0,1
7,33,0,1
7,46,0,1
7,45,0,1
7,20,0,1
7,14,0,1
7,37,0,1
7,50,1,2
7,16,0,1
7,74,0,1
7,41,0,1
7,15,0,1
7,38,0,1
7,21,0,1
7,48,0,1
7,27,0,1
7,6,0,1
7,30,0,1
7,4,0,1
7,56,0,1
7,28,0,1
7,51,0,1
7,37,0,1
7,14,0,1
7,27,1,2
7,6,0,1
7,9,0,1
7,81,0,1
7,70,0,1
7,3,0,1
7,6,0,1
7,7,0,1
7,13,1,2
7,5,11,1
7,40,0,1
7,30,0,1
7,16,0,1
7,57,0,1
7,44,0,1
7,50,0,1
7,31,0,1
7,64,0,1
7,13,0,1
7,28,0,1
7,51,0,1
7,34,0,1
7,5,1,1
7,72,0,1
7,50,0,1
7,19,4,2
7,33,0,1
7,22,0,1
7,82,2,2
7,34,4,1
7,11,37,2
7,82,0,1
7,72,0,1
7,54,0,1
7,30,0,1
7,59,0,1
7,58,0,1
7,63,0,1
6,55,0,2
6,0,11,1
6,9,0,1
6,34,0,1
6,68,0,1
6,19,0,1
6,57,0,1
6,33,0,1
6,8,0,1
6,67,0,1
6,35,0,1
6,23,0,1
6,70,0,1
6,13,0,1
6,13,0,1
6,79,0,1
6,29,0,1
6,74,0,1
6,23,0,1
6,84,0,2
6,30,0,1
6,36,1,2
6,28,0,1
6,19,0,1
6,79,0,1
6,67,0,1
6,65,0,1
6,71,0,1
6,16,0,1
6,9,0,1
6,33,0,1
6,40,0,1
6,19,20,3
6,48,0,1
6,14,0,1
6,40,0,1
6,54,0,1
6,22,0,1
6,79,0,1
6,77,0,1
6,23,0,1
6,39,0,1
6,65,0,1
6,18,0,1
6,56,0,1
6,20,0,1
6,15,0,1
6,57,0,1
6,21,0,1
6,61,4,1
6,83,0,1
6,58,6,3
6,36,0,1
6,19,0,1
6,51,2,2
6,23,0,1
6,82,0,1
6,37,0,1
6,37,9,2
6,13,0,1
6,57,0,1
6,10,0,1
6,68,0,1
6,28,0,1
6,53,0,1
6,9,0,1
6,57,0,1
6,4,0,1
6,47,0,1
6,37,0,1
6,70,0,1
6,47,0,1
6,35,0,1
6,53,0,1
6,34,0,1
6,63,0,1
6,57,0,1
6,64,0,2
6,58,0,1
6,64,6,1
6,77,0,1
6,68,0,1
6,71,0,2
6,21,0,1
6,41,0,1
6,63,0,1
6,23,0,1
6,9,0,1
6,83,0,1
6,55,0,1
6,78,0,1
6,41,0,1
6,9,0,1
6,23,0,1
6,36,0,1
6,55,0,1
6,69,0,1
6,34,0,1
6,6,22,2
6,36,0,1
6,77,0,1
6,71,0,1
6,48,0,2
6,80,0,1
6,78,0,1
6,83,0,1
6,30,12,2
6,82,0,1
6,64,0,1
6,39,0,1
6,81,0,1
6,36,0,1
6,57,0,1
6,82,1,1
6,27,0,1
6,21,0,1
6,19,0,1
6,22,0,2
6,22,0,1
6,9,0,1
6,36,3,1
6,74,0,1
6,50,0,1
6,65,0,1
6,37,0,1
6,72,0,1
6,42,0,1
6,16,0,1
6,9,0,1
6,7,0,1
6,30,0,1
6,11,0,1
6,23,0,1
6,77,0,1
6,8,0,1
6,50,0,1
6,15,0,1
6,71,0,1
6,50,0,2
6,21,0,1
6,55,0,2
6,69,0,1
6,13,0,1
6,58,0,1
6,70,0,1
6,58,0,1
6,64,0,1
6,56,0,1
6,43,0,1
6,33,0,1
6,14,0,1
6,77,0,1
6,36,0,1
6,50,0,1
6,34,0,1
6,69,0,1
6,36,0,1
6,75,0,1
6,50,0,1
6,31,0,1
6,82,3,1
6,40,0,1
6,56,0,1
6,43,0,1
6,12,0,1
6,83,0,1
6,65,0,1
6,9,0,1
6,31,0,1
6,20,3,1
6,36,14,2
6,34,0,2
6,71,0,1
6,83,0,1
6,9,0,1
6,16,0,1
6,37,0,1
6,78,0,1
6,21,0,1
6,39,0,1
6,35,0,1
6,58,0,1
6,23,0,1
6,14,0,1
6,33,0,1
6,28,0,1
6,63,0,1
6,12,0,1
6,35,0,1
6,34,0,1
6,35,36,1
6,30,0,1
6,29,0,2
6,46,0,1
6,7,0,1
6,48,0,1
6,21,0,1
6,13,0,1
6,22,0,1
6,78,0,1
6,6,0,1
6,72,0,1
6,23,0,1
6,64,0,1
6,58,0,1
6,57,0,1
6,68,0,1
6,82,0,1
6,13,0,1
6,37,0,1
6,69,0,1
6,36,0,1
6,2,59,1
6,19,0,1
6,21,0,1
6,74,0,1
6,51,0,1
6,34,0,1
6,12,79,2
6,14,0,1
6,68,0,1
6,77,0,1
6,54,0,1
6,77,0,1
6,23,0,1
6,13,0,1
6,82,0,1
6,49,0,1
6,53,1,2
6,6,0,1
6,6,0,1
6,58,0,1
6,5,0,1
6,6,0,1
6,36,0,1
6,52,15,1
6,64,5,1
6,30,0,1
6,23,0,1
6,13,0,1
6,7,0,1
6,72,0,1
6,58,0,1
6,55,0,1
6,75,0,1
6,27,0,1
6,45,0,1
6,68,0,1
6,64,0,1
6,63,0,1
6,83,0,1
6,47,0,1
6,35,0,1
6,52,0,1
6,23,19,2
6,23,0,1
6,13,0,1
6,70,5,1
6,34,0,1
6,57,0,1
6,69,0,1
6,47,0,1
6,49,1,1
6,9,0,1
6,26,0,1
6,11,0,1
6,31,0,1
6,15,0,1
6,76,0,1
6,7,0,1
6,73,0,1
6,57,0,1
6,6,0,1
6,34,0,1
6,40,0,1
6,57,0,1
6,13,0,1
6,10,0,1
6,60,0,1
6,68,0,1
6,61,0,1
6,65,0,1
6,81,0,1
6,22,0,1
6,22,0,1
6,69,0,1
6,76,0,1
6,13,0,1
6,42,0,1
6,51,0,1
6,55,0,1
6,13,0,1
6,71,0,1
6,63,0,1
6,83,8,2
6,72,5,2
6,21,0,1
6,15,0,1
6,58,0,1
6,42,0,1
6,47,0,1
6,75,0,1
6,35,1,2
6,55,0,1
6,23,0,1
6,14,0,1
6,71,0,1
6,16,0,1
6,22,0,1
6,47,0,1
6,39,0,1
6,49,0,1
6,78,0,1
6,56,7,2
6,72,0,1
6,62,0,1
6,28,0,1
6,51,0,1
6,28,0,1
6,27,0,1
6,56,0,1
6,37,0,1
6,36,0,1
6,38,0,1
6,35,0,1
6,43,0,1
6,55,0,1
6,70,0,1
6,63,0,1
6,1,31,1
6,53,0,1
6,49,0,1
6,40,0,1
6,56,0,1
6,59,0,1
6,30,0,1
6,46,0,1
6,15,0,1
5,23,0,1
5,4,0,1
5,51,0,1
5,38,0,1
5,36,0,1
5,69,0,1
5,27,0,1
5,74,1,1
5,77,0,1
5,7,0,1
5,71,0,1
5,20,0,1
5,54,0,1
5,49,0,1
5,69,4,1
5,76,1,2
5,56,0,1
5,79,0,1
5,82,0,1
5,36,0,1
5,35,0,1
5,21,0,1
5,14,0,1
5,69,0,1
5,36,0,1
5,41,0,1
5,6,0,1
5,30,5,1
5,79,0,1
5,65,0,1
5,36,34,2
5,56,0,1
5,35,7,1
5,41,0,1
5,74,0,1
5,57,22,1
5,75,0,1
5,29,1,2
5,23,0,1
5,28,1,2
5,13,0,1
5,56,0,1
5,50,0,1
5,6,0,1
5,48,0,1
5,34,0,1
5,50,0,1
5,6,3,2
5,69,0,1
5,52,0,1
5,35,0,1
5,55,0,1
5,19,0,1
5,50,0,1
5,44,0,1
5,62,0,1
5,1,32,1
5,22,0,1
5,7,0,1
5,11,0,1
5,8,0,1
5,72,0,1
5,16,0,1
5,57,0,1
5,22,0,1
5,23,0,1
5,24,0,1
5,32,0,1
5,58,0,1
5,23,0,1
5,40,0,1
5,75,0,1
5,76,0,1
5,51,0,1
5,28,0,1
5,16,6,2
5,72,0,1
5,29,0,1
5,50,0,1
5,22,0,1
5,63,0,1
5,68,0,1
5,6,69,1
5,57,0,1
5,4,0,1
5,62,1,2
5,64,0,1
5,64,0,1
5,79,0,1
5,65,0,1
5,33,0,1
5,31,0,1
5,42,0,1
5,10,0,1
5,22,12,1
5,63,0,1
5,10,0,1
5,69,0,1
5,63,0,1
5,53,0,1
5,16,0,1
5,34,0,1
5,47,0,1
5,21,0,1
5,41,0,1
5,46,0,1
5,45,0,1
5,50,0,1
5,78,0,1
5,43,0,1
5,50,0,1
5,47,0,1
5,48,0,1
5,23,0,1
5,50,6,2
5,56,0,1
5,53,0,1
5,48,0,1
5,23,0,1
5,33,0,1
5,44,0,1
5,1,21,1
5,30,0,1
5,29,5,1
5,71,0,1
5,53,0,1
5,79,0,1
5,6,2,3
5,14,0,1
5,37,0,1
5,18,0,1
5,62,0,1
5,25,0,1
5,51,0,1
5,27,0,1
5,37,0,1
5,74,0,1
5,35,5,1
5,29,21,2
5,23,0,1
5,42,0,1
5,59,0,1
5,76,0,1
5,7,0,1
5,70,0,1
5,42,11,3
5,21,0,1
5,21,0,1
5,68,0,1
5,51,0,1
5,29,0,1
5,27,0,1
5,40,0,1
5,20,0,1
5,7,0,1
5,56,0,1
5,50,0,1
5,36,0,1
5,78,0,1
5,8,49,2
5,7,0,1
5,63,0,1
5,41,0,1
5,28,0,1
5,55,0,2
5,41,0,1
5,26,0,1
5,30,0,1
5,3,0,1
5,64,0,1
5,13,0,1
5,23,0,1
5,22,0,1
5,35,0,1
5,42,0,1
5,35,0,1
5,56,0,1
5,36,0,1
5,36,0,1
5,51,0,1
5,13,0,1
5,15,0,1
5,0,5,1
5,74,0,1
5,2,4,2
5,51,11,2
5,23,0,1
5,22,0,1
5,57,0,1
5,65,0,1
5,1,22,1
5,35,0,1
5,19,0,1
5,6,0,1
5,84,0,1
5,24,0,1
5,7,0,1
5,69,22,2
5,6,0,1
5,30,0,1
5,76,0,1
5,56,41,2
5,27,0,1
5,8,0,1
5,49,1,2
5,38,0,1
5,30,0,1
5,29,0,1
5,79,0,1
5,28,0,1
5,48,0,1
5,6,0,1
5,55,14,2
5,67,0,1
5,82,0,1
5,15,1,1
5,34,0,1
5,32,0,1
5,5,0,1
5,79,0,1
5,3,0,1
5,9,4,2
5,16,0,1
5,57,0,1
5,44,0,1
5,49,0,1
5,20,0,1
5,64,0,1
5,71,0,1
5,56,26,2
5,54,0,1
5,23,0,1
5,12,0,1
5,55,0,1
5,19,1,1
5,76,0,1
5,57,0,1
5,61,0,1
5,12,0,1
5,36,0,1
5,68,0,1
5,21,0,1
5,71,0,1
5,51,0,1
5,26,0,1
5,83,0,2
5,56,0,1
5,14,0,1
5,0,6,1
5,32,0,1
5,6,0,1
5,57,4,2
5,41,1,2
5,27,0,1
5,55,0,1
5,28,0,1
5,54,0,1
5,0,48,1
5,41,0,1
5,57,0,1
5,75,0,1
5,29,0,1
5,61,6,1
5,64,0,1
5,7,0,1
5,80,0,1
5,57,0,1
5,22,0,1
5,51,0,1
5,44,0,1
5,30,3,1
5,28,0,1
5,62,0,1
5,28,0,1
5,39,4,2
5,35,14,2
5,72,0,1
5,5,8,2
5,30,0,1
5,56,0,1
5,48,0,1
5,41,0,1
5,27,0,1
5,29,1,2
5,33,0,1
5,55,0,1
5,64,0,1
5,69,0,1
5,42,0,1
5,19,0,1
5,5,0,1
5,53,0,1
5,49,0,1
5,47,0,1
5,14,0,1
5,56,0,1
5,54,0,2
5,30,0,1
5,35,0,1
5,29,0,1
5,58,0,1
5,22,0,1
5,65,0,1
5,26,0,1
5,83,0,1
5,18,0,1
5,63,0,1
5,55,0,1
5,30,0,1
5,23,0,1
5,48,0,1
5,24,0,1
5,30,51,1
5,71,0,1
5,65,0,1
5,2,2,1
5,48,0,1
5,77,0,1
5,52,0,1
5,35,0,1
5,54,0,1
5,22,0,1
5,12,8,1
5,23,0,1
5,26,0,1
5,65,0,1
5,31,0,1
5,28,0,1
5,35,0,1
5,33,0,1
5,44,0,1
5,26,16,2
5,13,0,1
5,28,0,1
5,71,0,1
5,9,0,1
5,1,69,1
5,0,8,1
5,27,0,1
5,47,0,1
5,41,0,1
5,12,0,1
5,77,0,1
5,34,0,1
5,32,0,1
5,78,0,1
5,51,0,1
5,16,0,1
5,53,0,1
5,21,0,1
5,56,0,1
5,9,0,2
5,54,0,1
5,27,0,1
5,0,28,1
5,24,0,1
5,36,0,1
5,14,0,1
5,11,0,1
5,14,0,1
5,71,0,1
5,23,0,1
5,42,0,1
5,40,0,1
5,13,3,1
5,69,0,1
5,5,0,1
4,28,0,1
4,57,0,1
4,71,0,1
4,29,0,1
4,27,0,1
4,67,0,1
4,49,0,1
4,39,0,1
4,54,0,1
4,65,0,1
4,22,0,1
4,63,0,1
4,21,0,1
4,68,0,1
4,57,0,1
4,20,0,1
4,29,0,1
4,76,0,1
4,50,0,1
4,5,0,1
4,50,0,1
4,50,0,1
4,20,0,1
4,11,0,1
4,42,0,1
4,22,0,1
4,33,0,1
4,33,0,1
4,65,0,1
4,55,0,1
4,44,0,1
4,18,0,1
4,42,6,2
4,50,0,1
4,26,0,1
4,34,0,1
4,30,0,1
4,29,0,1
4,4,0,1
4,45,0,1
4,33,0,1
4,39,0,1
4,53,0,1
4,20,0,1
4,66,0,1
4,20,0,1
4,57,0,1
4,72,0,1
4,28,0,1
4,7,0,1
4,41,0,1
4,60,0,1
4,5,0,1
4,72,0,1
4,71,0,1
4,76,0,1
4,77,0,1
4,24,0,1
4,30,0,1
4,26,0,1
4,82,0,1
4,71,0,1
4,77,0,1
4,24,0,1
4,50,0,1
4,14,62,2
4,63,29,2
4,30,0,1
4,56,0,1
4,19,0,1
4,35,0,1
4,34,0,1
4,40,0,1
4,19,0,1
4,36,0,1
4,74,0,1
4,64,35,2
4,15,0,1
4,24,0,1
4,44,0,1
4,12,0,1
4,29,0,1
4,7,0,1
4,15,0,1
4,34,0,1
4,71,0,1
4,16,0,1
4,6,0,1
4,36,0,1
4,20,0,1
4,1,6,2
4,12,0,1
4,41,0,1
4,6,0,1
4,21,0,1
4,75,0,1
4,40,0,1
4,25,0,1
4,76,0,1
4,13,0,1
4,70,3,1
4,48,0,1
4,77,0,1
4,56,0,1
4,47,0,1
4,37,0,1
4,63,0,1
4,67,0,1
4,62,0,1
4,83,0,1
4,41,0,1
4,8,0,1
4,26,0,1
4,67,0,1
4,49,0,1
4,81,0,1
4,27,1,2
4,52,0,1
4,22,0,1
4,23,2,1
4,42,0,1
4,64,1,2
4,49,9,1
4,4,0,1
4,37,0,1
4,10,0,1
4,36,0,1
4,43,0,1
4,32,0,1
4,69,0,1
4,23,0,1
4,72,0,1
4,55,15,2
4,43,0,1
4,50,0,1
4,80,0,1
4,20,0,1
4,32,0,1
4,56,0,1
4,14,28,2
4,22,0,1
4,11,0,1
4,16,0,1
4,58,0,1
4,63,0,1
4,79,0,1
4,45,0,1
4,50,0,1
4,77,0,1
4,63,0,1
4,21,0,1
4,36,0,1
4,16,0,1
4,49,0,1
4,50,0,1
4,21,0,1
4,57,0,1
4,47,0,1
4,40,1,1
4,22,0,1
4,21,0,1
4,43,0,1
4,19,0,1
4,50,0,1
4,55,0,1
4,51,20,1
4,7,0,1
4,76,0,1
4,47,0,1
4,41,0,1
4,26,0,1
4,7,0,1
4,36,0,1
4,31,0,1
4,46,0,1
4,37,0,1
4,58,0,1
4,36,0,1
4,77,0,1
4,14,69,1
4,62,0,1
4,9,0,1
4,4,0,1
4,16,0,1
4,42,2,3
4,48,0,1
4,55,0,1
4,8,0,1
4,71,0,1
4,6,0,1
4,57,0,1
4,69,0,1
4,30,0,1
4,28,0,1
4,34,0,1
4,22,0,1
4,44,3,1
4,60,0,1
4,77,0,1
4,74,0,1
4,29,0,1
4,83,0,1
4,21,0,1
4,34,0,1
4,75,0,1
4,50,0,1
4,30,0,1
4,16,0,1
4,37,0,1
4,53,0,1
4,68,0,2
4,76,0,1
4,11,0,1
4,48,0,1
4,69,0,1
4,34,0,1
4,30,0,1
4,9,0,1
4,36,0,1
4,34,0,1
4,82,0,1
4,21,0,1
4,20,0,1
4,61,0,1
4,7,0,1
4,71,0,1
4,42,0,1
4,27,0,1
4,37,0,1
4,77,0,1
4,10,0,1
4,44,0,1
4,20,0,1
4,32,0,1
4,16,0,1
4,52,15,1
4,28,0,1
4,36,37,2
4,63,0,1
4,40,0,1
4,79,0,1
4,51,0,1
4,41,0,1
4,30,0,1
4,48,0,1
4,69,0,1
4,4,0,1
4,21,0,1
4,30,0,1
4,12,0,1
4,7,0,1
4,9,0,1
4,50,0,1
4,82,0,1
4,51,0,1
4,51,0,1
4,43,0,1
4,33,0,1
4,71,0,1
4,55,0,1
4,40,0,1
4,15,0,1
4,58,0,1
4,26,0,1
4,25,0,1
4,14,0,1
4,73,0,1
4,13,0,1
4,42,0,1
4,68,0,1
4,21,0,1
4,5,0,1
4,42,0,1
4,62,0,1
4,28,0,1
4,36,0,1
4,14,0,1
4,74,1,1
4,71,0,1
4,59,0,1
4,60,0,1
4,9,0,1
4,9,0,1
4,9,0,1
4,77,0,1
4,34,0,1
4,22,0,1
4,36,0,1
4,48,0,1
4,67,0,1
4,20,0,1
4,69,0,1
4,52,0,1
4,53,0,1
4,47,6,3
4,2,9,1
4,53,0,2
4,67,0,1
4,18,0,1
4,59,0,1
4,56,0,1
4,33,0,1
4,54,0,1
4,36,0,1
4,64,0,1
4,48,0,1
4,41,0,1
4,76,0,1
4,36,0,1
4,33,0,1
4,70,0,1
4,22,2,1
4,15,0,1
4,47,1,1
4,65,0,1
4,15,0,1
4,21,0,1
4,34,0,1
4,17,0,1
4,10,0,1
4,50,0,1
4,37,0,1
4,21,0,1
4,60,0,1
4,64,0,1
4,26,0,1
4,72,0,1
4,18,0,1
4,39,0,1
4,27,0,1
4,12,0,1
4,0,7,1
4,16,0,1
4,57,0,1
4,0,14,2
4,76,0,1
4,37,0,1
4,71,0,1
4,72,0,1
4,55,0,1
4,34,0,1
4,35,0,1
4,82,0,1
4,79,0,1
4,68,0,1
4,29,0,1
4,31,0,1
4,30,0,1
4,77,0,1
4,35,0,1
4,49,0,1
4,63,0,1
4,41,0,1
4,28,0,1
4,3,0,1
4,64,0,1
4,68,0,1
4,40,16,3
4,65,0,1
4,30,0,1
4,70,0,1
4,60,0,1
4,78,0,1
4,34,0,1
4,51,0,1
4,17,0,1
4,64,0,1
4,62,0,1
4,20,0,1
4,48,0,1
4,66,0,1
4,54,0,1
4,56,0,1
4,63,0,1
4,68,0,1
4,19,0,1
4,23,0,1
4,35,0,1
4,15,0,1
4,48,0,1
4,69,0,1
4,12,0,1
4,58,0,1
4,33,0,1
4,16,0,1
4,15,0,1
4,31,0,1
4,22,0,1
4,52,0,1
4,32,0,1
4,69,0,1
4,63,0,1
4,14,0,1
4,83,0,1
4,23,0,1
4,61,0,1
4,63,0,1
4,58,0,1
4,44,11,2
4,17,0,1
4,81,0,1
4,77,0,1
4,36,0,2
4,17,0,1
4,14,0,1
4,57,0,1
4,54,0,1
4,34,0,1
4,57,0,1
4,6,0,1
4,26,0,1
4,73,0,1
4,19,0,1
4,77,0,1
4,47,0,1
4,25,0,1
4,83,0,1
4,23,0,1
4,70,0,1
4,12,42,2
4,25,0,1
4,58,0,1
4,54,0,1
4,43,0,1
4,28,0,1
4,55,0,1
4,69,0,1
4,75,0,1
4,15,0,1
4,74,0,1
4,60,0,1
4,36,0,1
4,79,0,1
4,30,2,2
4,46,0,1
4,57,0,1
4,18,0,2
4,56,0,1
4,70,0,1
4,44,1,1
4,22,0,1
4,35,0,1
4,28,0,1
4,21,0,1
4,56,2,1
4,81,0,1
4,63,0,1
4,28,0,1
4,12,0,1
4,56,0,1
4,8,0,1
4,49,0,1
4,70,0,1
4,33,0,1
3,72,0,1
3,28,0,1
3,36,0,1
3,63,0,1
3,63,0,1
3,0,4,1
3,12,0,1
3,77,0,1
3,41,0,1
3,25,0,1
3,25,0,1
3,71,0,1
3,82,0,1
3,60,0,1
3,19,0,1
3,16,0,1
3,19,0,1
3,72,0,1
3,64,0,1
3,33,0,1
3,16,0,1
3,19,0,1
3,43,0,1
3,19,0,1
3,66,0,1
3,45,0,1
3,64,0,1
3,70,0,1
3,77,0,1
3,44,0,1
3,79,0,1
3,72,0,1
3,0,22,1
3,6,0,1
3,22,0,1
3,51,0,1
3,8,0,1
3,65,0,1
3,26,0,1
3,20,0,1
3,16,0,1
3,51,0,1
3,6,0,1
3,43,0,1
3,70,0,1
3,49,0,1
3,23,0,1
3,19,0,1
3,79,0,1
3,74,0,1
3,43,0,1
3,55,0,1
3,32,0,1
3,30,0,1
3,70,0,1
3,55,0,1
3,6,0,1
3,34,0,1
3,59,0,1
3,57,0,1
3,13,0,1
3,79,0,1
3,62,0,1
3,76,0,1
3,55,0,1
3,22,0,1
3,14,0,1
3,77,0,1
3,15,0,1
3,33,3,2
3,6,7,1
3,1,4,1
3,24,0,1
3,6,0,1
3,9,0,1
3,48,0,1
3,15,0,1
3,51,0,1
3,10,0,1
3,50,0,1
3,82,2,2
3,69,29,1
3,14,0,1
3,8,0,1
3,9,0,1
3,25,0,1
3,40,0,1
3,62,0,1
3,57,0,1
3,54,0,1
3,50,0,1
3,4,0,1
3,35,0,1
3,69,17,1
3,78,0,1
3,77,0,1
3,7,0,1
3,57,0,1
3,21,0,1
3,41,0,1
3,68,0,1
3,42,0,1
3,57,0,1
3,60,0,1
3,34,0,1
3,44,0,1
3,26,0,1
3,40,0,1
3,76,0,1
3,65,0,1
3,28,0,1
3,61,0,1
3,36,0,1
3,22,0,1
3,13,0,1
3,23,0,1
3,13,0,1
3,74,0,1
3,37,0,1
3,22,0,1
3,75,0,1
3,8,0,1
3,72,0,1
3,49,0,1
3,9,0,1
3,2,19,1
3,20,0,1
3,19,0,1
3,56,0,1
3,82,0,1
3,5,0,1
3,77,0,1
3,6,0,1
3,26,0,1
3,22,0,1
3,4,0,1
3,84,0,1
3,68,0,1
3,11,0,1
3,46,0,1
3,28,0,1
3,6,0,1
3,47,0,1
3,56,0,1
3,56,0,1
3,49,0,1
3,7,0,1
3,71,0,1
3,69,0,1
3,60,0,1
3,5,0,1
3,22,0,1
3,26,0,1
3,52,0,1
3,48,2,2
3,42,0,1
3,44,0,1
3,40,1,1
3,15,0,1
3,55,0,1
3,15,0,1
3,22,0,1
3,76,0,1
3,73,0,1
3,81,0,1
3,13,0,1
3,69,0,1
3,28,0,1
3,79,0,1
3,21,0,1
3,72,0,1
3,77,0,1
3,43,0,1
3,6,0,1
3,13,0,1
3,13,0,1
3,49,0,1
3,41,0,1
3,64,0,1
3,41,0,1
3,28,0,1
3,8,0,1
3,9,14,1
3,80,0,1
3,71,0,1
3,20,0,1
3,47,0,1
3,30,0,1
3,42,0,1
3,80,0,1
3,50,0,1
3,75,0,1
3,59,0,1
3,65,0,1
3,61,0,1
3,51,0,1
3,36,0,1
3,63,0,1
3,13,0,1
3,77,0,1
3,21,0,1
3,44,0,1
3,51,0,1
3,82,0,1
3,29,0,1
3,13,0,1
3,21,0,1
3,52,0,1
3,7,0,1
3,55,0,1
3,19,0,1
3,34,0,1
3,16,0,1
3,41,0,1
3,14,0,1
3,34,0,1
3,41,0,1
3,70,0,1
3,71,0,1
3,38,0,1
3,53,0,1
3,63,0,1
3,77,0,1
3,12,0,1
3,55,0,1
3,12,0,1
3,35,0,1
3,53,0,1
3,6,0,2
3,34,0,1
3,58,0,1
3,14,0,1
3,12,0,1
3,48,0,1
3,54,0,1
3,48,0,1
3,41,0,1
3,4,0,1
3,51,0,1
3,9,0,1
3,30,0,1
3,63,0,1
3,68,0,1
3,75,0,1
3,29,0,1
3,28,0,1
3,41,0,1
3,35,0,1
3,12,0,1
3,16,0,2
3,40,0,1
3,72,0,1
3,9,0,1
3,76,0,1
3,69,0,1
3,77,0,1
3,4,0,1
3,69,0,1
3,33,0,1
3,52,0,1
3,44,0,1
3,12,49,1
3,64,0,1
3,34,0,1
3,76,0,1
3,65,0,2
3,82,0,1
3,23,0,1
3,61,0,1
3,47,0,1
3,66,0,1
3,22,0,1
3,74,0,1
3,59,0,1
3,47,0,1
3,6,0,1
3,27,0,1
3,16,0,1
3,55,0,1
3,79,0,1
3,20,0,1
3,51,0,1
3,0,8,1
3,19,0,1
3,54,0,1
3,19,0,1
3,21,0,1
3,69,0,1
3,83,0,1
3,78,0,1
3,55,0,1
3,5,0,1
3,36,0,1
3,78,0,1
3,30,0,1
3,21,0,1
3,32,0,1
3,47,0,1
3,6,0,1
3,15,0,1
3,12,0,1
3,68,0,1
3,16,0,1
3,7,0,1
3,65,24,1
3,43,0,1
3,83,0,1
3,27,0,1
3,22,0,1
3,58,0,1
3,47,0,1
3,30,0,1
3,7,0,1
3,9,0,1
3,82,0,1
3,57,0,1
3,30,0,1
3,40,0,1
3,27,15,2
3,42,0,1
3,76,0,1
3,16,0,1
3,31,0,1
3,2,2,1
3,57,0,1
3,26,0,2
3,38,0,1
3,50,0,1
3,41,0,1
3,28,0,1
3,56,0,1
3,57,0,1
3,34,0,1
3,70,0,1
3,13,0,1
3,83,0,1
3,7,0,1
3,7,0,1
3,44,0,1
3,0,36,1
3,59,0,1
3,29,0,1
3,29,0,1
3,68,0,1
3,33,0,1
3,72,0,1
3,22,0,1
3,30,0,1
3,28,0,1
3,61,0,1
3,48,0,1
3,47,0,1
3,9,0,1
3,82,0,1
3,8,0,1
3,44,0,1
3,6,0,1
3,35,0,1
3,15,0,1
3,36,0,1
3,23,25,1
3,28,0,1
3,41,0,1
3,24,0,1
3,73,0,1
3,23,0,1
3,70,0,1
3,18,0,1
3,41,0,1
3,20,0,1
3,28,57,1
3,57,0,1
3,81,0,1
3,82,0,1
3,7,0,1
3,28,0,1
3,19,1,1
3,23,0,1
3,53,2,1
3,34,37,1
3,37,0,1
3,77,0,1
3,20,0,1
3,6,0,1
3,15,0,1
3,28,0,1
3,11,0,1
3,49,0,1
3,49,0,1
3,12,0,2
3,35,0,1
3,12,0,1
3,65,0,1
3,4,0,1
3,27,0,1
3,21,0,1
3,80,0,1
3,12,0,1
3,5,0,1
3,26,0,1
3,69,0,1
3,33,0,1
3,27,0,1
3,20,0,1
3,58,0,1
3,55,0,1
3,84,0,1
3,82,0,1
3,74,0,1
3,70,0,1
3,9,0,1
3,5,0,1
3,6,0,1
3,43,0,1
3,36,1,1
3,22,0,1
3,69,0,1
3,14,0,1
3,15,0,1
3,18,0,1
3,58,18,1
3,31,0,1
3,45,0,1
3,51,0,1
3,22,0,1
3,63,0,1
3,36,28,1
3,20,0,1
3,30,0,1
3,43,0,1
3,19,0,1
3,64,0,1
3,17,0,1
3,34,0,1
3,57,0,1
3,23,0,1
3,55,0,1
3,76,0,1
3,65,0,1
3,38,0,1
3,32,0,1
3,16,0,1
3,56,0,1
3,81,0,1
3,70,0,1
3,69,0,1
3,14,0,1
3,32,0,1
3,21,0,1
3,10,0,1
3,46,0,1
3,50,0,1
3,31,0,1
3,57,0,1
3,54,0,1
3,70,0,1
3,20,0,1
3,21,0,1
3,27,0,1
3,34,0,2
3,23,0,1
3,73,0,1
3,15,0,1
3,37,0,1
3,47,0,1
3,49,0,1
2,82,0,1
2,29,0,1
2,76,0,1
2,83,0,1
2,78,0,1
2,50,0,1
2,10,0,1
2,55,0,1
2,26,0,1
2,34,0,1
2,47,0,1
2,20,0,1
2,51,0,1
2,10,0,1
2,56,0,1
2,2,20,1
2,51,0,1
2,59,0,1
2,40,0,1
2,41,0,1
2,15,0,1
2,28,0,1
2,26,0,1
2,28,0,1
2,62,0,1
2,28,0,1
2,6,0,1
2,37,17,1
2,27,0,1
2,76,0,1
2,57,0,1
2,56,0,1
2,57,0,1
2,14,0,1
2,14,0,1
2,42,0,1
2,44,0,1
2,44,0,1
2,7,0,1
2,9,0,1
2,23,0,1
2,41,0,1
2,46,0,1
2,29,0,1
2,42,0,1
2,44,0,1
2,22,0,1
2,54,0,1
2,41,0,1
2,21,0,1
2,20,0,1
2,42,0,1
2,6,2,1
2,20,0,1
2,56,0,1
2,50,0,1
2,78,0,1
2,63,0,1
2,47,0,1
2,44,0,1
2,70,0,1
2,30,0,1
2,41,0,1
2,29,0,1
2,9,0,1
2,75,0,1
2,50,0,1
2,41,0,1
2,17,0,1
2,61,0,1
2,27,0,1
2,6,0,1
2,42,0,1
2,59,0,1
2,72,0,1
2,73,0,1
2,20,0,1
2,27,0,1
2,16,0,1
2,37,0,1
2,56,0,1
2,50,0,1
2,35,0,1
2,44,0,1
2,57,0,1
2,44,0,1
2,55,0,1
2,77,0,1
2,36,0,1
2,66,0,1
2,34,0,1
2,42,0,1
2,31,0,1
2,34,0,1
2,16,0,1
2,49,0,1
2,73,0,1
2,74,0,1
2,81,0,1
2,28,0,1
2,31,0,1
2,35,0,1
2,8,0,1
2,54,0,1
2,41,0,1
2,45,0,1
2,5,0,1
2,19,0,1
2,50,0,1
2,66,0,1
2,69,0,1
2,51,0,1
2,64,1,1
2,60,0,1
2,56,0,1
2,28,0,1
2,11,0,1
2,41,0,1
2,58,0,1
2,37,0,1
2,42,0,1
2,43,0,1
2,7,0,1
2,56,0,1
2,14,0,1
2,66,0,1
2,24,0,1
2,50,0,1
2,7,0,1
2,34,0,1
2,42,0,1
2,83,0,1
2,15,0,1
2,46,0,1
2,42,0,1
2,24,0,1
2,9,0,1
2,49,0,1
2,19,0,1
2,15,0,1
2,11,0,1
2,56,0,1
2,76,0,1
2,50,0,1
2,43,0,1
2,39,0,1
2,56,0,1
2,34,0,1
2,8,0,1
2,26,0,1
2,60,0,1
2,29,0,1
2,39,0,1
2,71,0,1
2,26,0,1
2,48,0,1
2,42,0,1
2,80,0,1
2,83,0,1
2,30,0,1
2,50,0,1
2,5,0,1
2,81,0,1
2,9,0,1
2,45,0,1
2,5,0,1
2,26,0,1
2,66,0,1
2,31,0,1
2,43,0,1
2,61,0,1
2,29,0,1
2,34,0,1
2,42,0,1
2,27,0,1
2,44,0,1
2,37,0,1
2,37,0,1
2,81,0,1
2,35,0,1
2,5,0,1
2,73,0,1
2,21,0,1
2,16,0,1
2,37,0,1
2,57,0,1
2,52,0,1
2,30,0,1
2,15,0,1
2,51,0,1
2,13,0,1
2,30,0,1
2,68,0,1
2,15,0,1
2,45,0,1
2,79,0,1
2,56,0,1
2,40,0,1
2,62,0,1
2,41,0,1
2,43,0,1
2,56,0,1
2,13,0,1
2,37,0,1
2,19,0,1
2,51,0,1
2,43,0,1
2,55,0,1
2,20,0,1
2,14,0,1
2,51,0,1
2,67,0,1
2,42,0,1
2,16,0,1
2,70,0,1
2,37,0,1
2,39,0,1
2,65,0,1
2,80,0,1
2,8,0,1
2,70,0,1
2,8,0,1
2,82,0,1
2,49,0,1
2,48,0,1
2,37,0,1
2,27,0,1
2,36,0,1
2,47,0,1
2,52,0,1
2,9,0,1
2,82,0,1
2,21,0,1
2,63,0,1
2,56,0,1
2,51,0,1
2,72,0,1
2,58,0,1
2,16,0,1
2,28,0,1
2,5,0,1
2,16,0,1
2,6,0,1
2,68,18,1
2,6,0,1
2,45,0,1
2,36,3,1
2,7,1,1
2,44,0,1
2,43,0,1
2,56,0,1
2,46,0,1
2,75,0,1
2,77,0,1
2,15,0,1
2,46,0,1
2,47,0,1
2,5,0,1
2,7,0,1
2,56,0,1
2,41,0,1
2,42,0,1
2,68,0,1
2,23,0,1
2,19,0,1
2,1,2,1
2,36,0,1
2,40,0,1
2,36,0,1
2,60,0,1
2,46,0,1
2,22,0,1
2,41,0,1
2,12,0,1
2,9,0,1
2,80,0,1
2,45,0,1
2,26,0,1
2,14,0,1
2,48,0,1
2,16,0,1
2,39,0,1
2,63,0,1
2,51,0,1
2,69,0,1
2,36,0,1
2,21,0,1
2,61,0,1
2,76,0,1
2,62,0,1
2,45,0,1
2,14,0,1
2,22,0,1
2,35,0,1
2,35,0,1
2,44,0,1
2,9,0,1
2,39,0,1
2,18,0,1
2,34,0,1
2,83,0,1
2,63,0,1
2,76,0,1
2,35,0,1
2,51,0,1
2,14,0,1
2,71,0,1
2,65,0,1
2,65,0,1
2,29,0,1
2,36,0,1
2,76,0,1
2,13,0,1
2,69,0,1
2,60,0,1
2,42,41,1
2,27,0,1
2,36,0,1
2,22,0,1
2,46,0,1
2,36,0,1
2,28,0,1
2,80,0,1
2,69,0,1
2,42,0,1
2,9,0,1
2,70,0,1
2,43,0,1
2,45,0,1
2,52,0,1
2,44,0,1
2,21,0,1
2,23,0,1
2,84,0,1
2,41,0,1
2,70,0,1
2,28,0,1
2,32,0,1
2,40,0,1
2,35,0,1
2,61,0,1
2,23,0,1
2,35,0,1
2,4,0,1
2,25,0,1
2,29,0,1
2,46,0,1
2,50,0,1
2,34,38,1
2,56,0,1
2,29,0,1
2,39,0,1
2,72,0,1
2,53,0,1
2,22,0,1
2,73,0,1
2,12,0,1
2,20,0,1
2,49,0,1
2,45,0,1
2,48,0,1
2,7,0,1
2,30,0,1
2,35,0,1
2,23,0,1
2,9,0,1
2,44,0,1
2,56,0,1
2,27,0,1
2,9,0,1
2,40,0,1
2,7,1,1
2,25,0,1
2,68,0,1
2,44,0,1
2,56,0,1
2,40,0,1
2,40,0,1
2,57,0,1
2,0,4,1
2,41,0,1
2,33,0,1
2,48,0,1
2,18,0,1
2,14,7,1
2,41,0,1
2,63,0,1
2,49,0,1
2,67,0,1
2,69,0,1
2,34,0,1
2,76,0,1
2,55,0,1
2,30,0,1
2,47,0,1
2,42,0,1
2,3,0,1
2,72,0,1
2,40,0,1
2,72,0,1
2,6,0,1
2,41,0,1
2,29,0,1
2,44,0,1
2,22,0,1
2,70,0,1
2,56,0,1
2,29,0,1
2,4,0,1
2,71,0,1
2,77,0,1
2,6,0,1
2,13,0,1
2,23,0,1
2,1,1,1
2,70,0,1
2,38,0,1
2,48,0,1
2,26,0,1
2,82,0,1
2,26,0,1
2,78,0,1
2,11,0,1
2,5,0,1
2,83,0,1
2,83,0,1
2,42,0,1
2,16,0,1
2,50,0,1
2,77,6,1
2,36,0,1
2,75,0,1
2,53,0,1
2,70,0,1
2,35,0,1
2,38,0,1
2,22,0,1
2,51,0,1
2,15,0,1
2,65,0,1
2,41,0,1
2,8,0,1
2,16,0,1
2,75,0,1
2,24,0,1
2,4,0,1
2,71,0,1
2,37,0,1
2,9,0,1
2,45,0,1
2,7,0,1
2,6,0,1
2,26,0,1
2,71,0,1
2,48,0,1
2,14,0,1
2,9,17,1
2,19,0,1
2,3,0,1
2,60,0,1
2,77,0,1
2,40,0,1
2,82,0,1
2,40,0,1
2,0,12,1
2,33,0,1
2,44,0,1
2,13,0,1
2,44,0,1
2,30,0,1
2,59,0,1
2,30,0,1
2,36,0,1
2,14,0,1
2,34,0,1
2,71,0,1
2,61,0,1
2,40,19,1
2,23,0,1
2,65,0,1
2,5,53,1
2,76,0,1
2,48,0,1
2,83,0,1
2,12,0,1
2,20,0,1
2,25,0,1
2,8,0,1
2,49,0,1
2,55,0,1
2,37,0,1
2,55,0,1
2,23,0,1
2,69,7,1
2,6,0,1
2,44,0,1
2,27,0,1
2,32,0,1
2,4,0,1
2,16,0,1
2,14,0,1
2,29,0,1
2,78,0,1
2,51,0,1
2,50,0,1
2,63,0,1
2,40,0,1
2,44,0,1
2,64,0,1
2,43,0,1
2,22,0,1
2,6,0,1
2,36,0,1
2,49,1,1
2,7,0,1
2,15,0,1
2,11,0,1
2,12,0,1
2,23,38,2
2,48,0,1
2,22,0,1
2,69,0,1
2,64,0,1
2,58,0,1
1,3,0,1
1,71,0,1
1,50,0,1
1,35,0,1
1,52,0,1
1,44,0,1
1,57,0,1
1,55,0,1
1,40,2,1
1,47,0,1
1,71,0,1
1,40,0,1
1,69,0,1
1,9,0,1
1,13,0,1
1,82,0,1
1,11,0,1
1,29,0,1
1,27,0,1
1,5,0,1
1,78,0,1
1,51,0,1
1,47,0,1
1,46,0,1
1,64,0,1
1,21,0,1
1,37,0,1
1,77,0,1
1,77,0,1
1,69,0,1
1,54,0,1
1,65,0,1
1,12,0,1
1,53,0,1
1,84,0,1
1,28,0,1
1,39,0,1
1,62,0,1
1,19,0,1
1,14,0,1
1,55,0,1
1,27,0,1
1,15,0,1
1,53,0,1
1,61,0,1
1,13,0,1
1,82,0,1
1,30,0,1
1,63,0,1
1,53,0,1
1,12,0,1
1,10,47,1
1,16,0,1
1,65,0,1
1,71,0,1
1,19,1,1
1,56,0,1
1,34,0,1
1,5,0,1
1,42,0,1
1,78,0,1
1,56,0,1
1,13,0,1
1,77,0,1
1,29,0,1
1,49,0,1
1,56,0,1
1,80,0,1
1,49,0,1
1,34,0,1
1,19,0,1
1,6,0,1
1,72,0,1
1,58,0,1
1,69,0,1
1,34,0,1
1,56,0,1
1,9,0,1
1,48,0,1
1,9,46,1
1,16,0,1
1,82,0,1
1,54,0,1
1,23,0,1
1,77,0,1
1,83,0,1
1,34,0,1
1,49,0,1
1,49,0,1
1,84,0,1
1,47,0,1
1,69,0,1
1,13,0,1
1,42,0,1
1,41,0,1
1,81,0,1
1,64,0,1
1,56,0,1
1,76,1,1
1,6,0,1
1,55,0,1
1,56,0,1
1,5,0,1
1,78,0,1
1,51,0,1
1,71,0,1
1,47,0,1
1,27,0,1
1,41,0,1
1,44,0,1
1,83,0,1
1,34,0,1
1,35,0,1
1,8,0,1
1,70,0,1
1,48,0,1
1,21,0,1
1,29,0,1
1,6,0,1
1,59,0,1
1,28,0,1
1,42,0,1
1,12,0,1
1,83,0,1
1,20,80,1
1,76,0,1
1,75,0,1
1,20,0,1
1,71,0,1
1,78,0,1
1,38,0,1
1,42,0,1
1,55,0,1
1,58,0,1
1,25,0,1
1,28,0,1
1,7,0,1
1,42,0,1
1,47,0,1
1,57,0,1
1,32,0,1
1,51,0,1
1,44,0,1
1,30,0,1
1,64,0,1
1,71,0,1
1,83,0,1
1,68,0,1
1,39,0,1
1,52,0,1
1,21,0,1
1,43,4,1
1,43,0,1
1,12,0,1
1,49,0,1
1,58,0,1
1,49,0,1
1,67,0,1
1,76,0,1
1,83,0,1
1,43,0,1
1,23,0,1
1,82,0,1
1,71,0,1
1,51,0,1
1,76,0,1
1,54,0,1
1,30,0,1
1,75,0,1
1,47,0,1
1,71,0,1
1,76,0,1
1,41,0,1
1,54,0,1
1,14,0,1
1,75,0,1
1,10,0,1
1,68,0,1
1,57,0,1
1,12,0,1
1,41,0,1
1,49,0,1
1,29,0,1
1,46,0,1
1,54,0,1
1,40,0,1
1,83,0,1
1,82,0,1
1,48,0,1
1,44,0,1
1,80,0,1
1,68,0,1
1,62,0,1
1,69,0,1
1,59,0,1
1,32,0,1
1,68,0,1
1,30,0,1
1,5,0,1
1,13,0,1
1,61,0,1
1,40,0,1
1,50,0,1
1,51,0,1
1,78,0,1
1,32,0,1
1,71,0,1
1,5,0,1
1,58,0,1
1,72,0,1
1,57,0,1
1,20,0,1
1,45,0,1
1,72,0,1
1,13,0,1
1,79,0,1
1,64,0,1
1,77,0,1
1,26,0,1
1,71,0,1
1,26,0,1
1,48,0,1
1,55,0,1
1,4,0,1
1,7,0,1
1,54,0,1
1,42,0,1
1,66,0,1
1,22,0,1
1,71,0,1
1,66,0,1
1,58,0,1
1,15,0,1
1,40,0,1
1,41,0,1
1,34,0,1
1,76,0,1
1,58,0,1
1,56,0,1
1,52,0,1
1,25,0,1
1,44,0,1
1,51,0,1
1,9,0,1
1,24,0,1
1,15,0,1
1,37,0,1
1,80,0,1
1,51,0,1
1,73,0,1
1,64,0,1
1,60,0,1
1,75,0,1
1,64,0,1
1,83,0,1
1,57,0,1
1,40,0,1
1,48,0,1
1,78,0,1
1,9,0,1
1,53,0,1
1,77,0,1
1,82,0,1
1,27,0,1
1,34,0,1
1,35,0,1
1,40,0,1
1,48,0,1
1,55,0,1
1,69,0,1
1,26,0,1
1,12,0,1
1,64,0,1
1,51,0,1
1,76,0,1
1,51,5,1
1,68,0,1
1,82,0,1
1,43,0,1
1,71,0,1
1,77,0,1
1,77,0,1
1,51,0,1
1,40,0,1
1,78,18,1
1,5,0,1
1,62,0,1
1,77,0,1
1,7,0,1
1,83,0,1
1,30,0,1
1,8,0,1
1,12,0,1
1,74,0,1
1,8,0,1
1,20,0,1
1,84,0,1
1,7,0,1
1,7,0,1
1,68,0,1
1,35,0,1
1,42,0,1
1,14,0,1
1,6,0,1
1,5,0,1
1,75,0,1
1,82,0,1
1,75,0,1
1,17,0,1
1,21,0,1
1,41,0,1
1,24,0,1
1,71,0,1
1,48,0,1
1,22,0,1
1,32,0,1
1,83,0,1
1,83,0,1
1,43,0,1
1,54,0,1
1,43,0,1
1,72,0,1
1,2,4,1
1,44,0,1
1,29,1,1
1,53,0,1
1,20,0,1
1,65,0,1
1,28,0,1
1,44,0,1
1,69,0,1
1,23,0,1
1,73,0,1
1,40,0,1
1,75,0,1
1,6,0,1
1,41,0,1
1,71,0,1
1,6,7,1
1,82,0,1
1,8,25,1
1,20,0,1
1,46,0,1
1,5,0,1
1,33,0,1
1,72,0,1
1,76,0,1
1,31,0,1
1,47,0,1
1,63,0,1
1,44,0,1
1,8,0,1
1,54,0,1
1,30,0,1
1,7,0,1
1,72,0,1
1,55,0,1
1,38,0,1
1,50,0,1
1,78,0,1
1,20,0,1
1,78,0,1
1,79,0,1
1,29,0,1
1,67,0,1
